Timestamp,From Bank,Account,To Bank,Account.1,Amount Received,Receiving Currency,Amount Paid,Payment Currency,Payment Format,Is Laundering
2022/09/01 00:17,20,800104D70,20,800104D70,6794.63,US Dollar,6794.63,US Dollar,Reinvestment,0
2022/09/01 00:02,3196,800107150,3196,800107150,7739.29,US Dollar,7739.29,US Dollar,Reinvestment,0
2022/09/01 00:17,1208,80010E430,1208,80010E430,1880.23,US Dollar,1880.23,US Dollar,Reinvestment,0
2022/09/01 00:03,1208,80010E650,20,80010E6F0,73966883.0,US Dollar,73966883.0,US Dollar,Cheque,0
2022/09/01 00:02,1208,80010E650,20,80010EA30,45868454.0,US Dollar,45868454.0,US Dollar,Cheque,0
2022/09/01 00:27,3203,80010EA80,3203,80010EA80,13284.41,US Dollar,13284.41,US Dollar,Reinvestment,0
2022/09/01 00:25,20,800104D20,20,800104D20,9.72,US Dollar,9.72,US Dollar,Reinvestment,0
2022/09/01 00:09,1208,80010E430,1208,80010E430,7.66,US Dollar,7.66,US Dollar,Reinvestment,0
2022/09/01 00:09,11,80010E600,11,80010E600,16.33,US Dollar,16.33,US Dollar,Reinvestment,0
2022/09/01 00:06,1208,80010E650,1208,80010E650,4.86,US Dollar,4.86,US Dollar,Reinvestment,0
2022/09/01 00:25,20,80010E6F0,183112,84DCA3150,3.24,US Dollar,3.24,US Dollar,Credit Card,0
2022/09/01 00:16,20,80010EA30,1601,802B6D220,47.17,US Dollar,47.17,US Dollar,Credit Card,0
2022/09/01 00:14,20,800073020,20,800073020,848368.76,US Dollar,848368.76,US Dollar,Reinvestment,0
2022/09/01 00:05,3566,800345920,3566,800345920,10134.05,US Dollar,10134.05,US Dollar,Reinvestment,0
2022/09/01 00:09,11,800329930,2776,800816450,335999.68,US Dollar,335999.68,US Dollar,Cheque,0
2022/09/01 00:07,0,8009B22F0,0,8009B22F0,121.98,US Dollar,121.98,US Dollar,Reinvestment,0
2022/09/01 00:24,11,8003289F0,249457,825F4B630,45.39,US Dollar,45.39,US Dollar,Credit Card,0
2022/09/01 00:22,0,800815DE0,0,800815DE0,23.4,US Dollar,23.4,US Dollar,Reinvestment,0
2022/09/01 00:28,2776,800816450,71901,81AB268F0,30.23,US Dollar,30.23,US Dollar,Credit Card,0
2022/09/01 00:21,11081,8008DDDF0,11081,8008DDDF0,7.37,US Dollar,7.37,US Dollar,Reinvestment,0
2022/09/01 00:15,1601,800970C80,260376,825F955A0,121.38,US Dollar,121.38,US Dollar,Credit Card,0
2022/09/01 00:13,544,8009B23E0,1924,8021B47D0,9.29,US Dollar,9.29,US Dollar,Credit Card,0
2022/09/01 00:13,21418,800A37E30,1315,8009BDC30,178265.0,US Dollar,178265.0,US Dollar,Cheque,0
2022/09/01 00:12,741,800A37DE0,741,800A37DE0,4968.24,US Dollar,4968.24,US Dollar,Reinvestment,0
2022/09/01 00:15,1046,8009B3870,1046,8009B3870,15.97,US Dollar,15.97,US Dollar,Reinvestment,0
2022/09/01 00:20,1315,8009BDC30,125106,816DF5400,165.63,US Dollar,165.63,US Dollar,Credit Card,0
2022/09/01 00:00,1046,800A37D90,274159,820C04F20,26.42,US Dollar,26.42,US Dollar,Credit Card,0
2022/09/01 00:19,1601,800A37E80,2190056,8494B0640,298.47,US Dollar,298.47,US Dollar,Credit Card,0
2022/09/01 00:09,1601,800A38370,21418,808FC8680,0.09,US Dollar,0.09,US Dollar,Credit Card,0
2022/09/01 00:17,0,800A39060,0,800A39060,34776847.1,US Dollar,34776847.1,US Dollar,Reinvestment,0
2022/09/01 00:14,0,800A39060,2310,800A39B80,4332.0,US Dollar,4332.0,US Dollar,Cheque,0
2022/09/01 00:27,1488,800AB1FB0,2776,800A3A8C0,369786.0,US Dollar,369786.0,US Dollar,Cheque,0
2022/09/01 00:06,31386,800A4A090,31386,800A4A090,1560.89,US Dollar,1560.89,US Dollar,Reinvestment,0
2022/09/01 00:19,31857,800AB37C0,31857,800AB37C0,84.38,US Dollar,84.38,US Dollar,Reinvestment,0
2022/09/01 00:18,11304,800A39B30,4011,8430C6190,34.33,US Dollar,34.33,US Dollar,Credit Card,0
2022/09/01 00:08,2310,800A39B80,48786,82DA69D50,8.69,US Dollar,8.69,US Dollar,Credit Card,0
2022/09/01 00:06,20,800A39BD0,4011,8430C6190,59.37,US Dollar,59.37,US Dollar,Credit Card,0
2022/09/01 00:10,2776,800A3A8C0,261418,85127D560,0.06,US Dollar,0.06,US Dollar,Credit Card,0
2022/09/01 00:05,2776,800A43BE0,2776,800A43BE0,17.2,US Dollar,17.2,US Dollar,Reinvestment,0
2022/09/01 00:06,1818,800A48B90,1818,800A48B90,24.63,US Dollar,24.63,US Dollar,Reinvestment,0
2022/09/01 00:03,1818,800A48D60,4011,8430C6190,41.4,US Dollar,41.4,US Dollar,Credit Card,0
2022/09/01 00:06,1313,800A49290,4011,8430C6190,19.44,US Dollar,19.44,US Dollar,Credit Card,0
2022/09/01 00:20,1922,800AB3420,4011,8430C6190,0.18,US Dollar,0.18,US Dollar,Credit Card,0
2022/09/01 00:28,1315,800AB6600,1315,800AB6600,7844.45,US Dollar,7844.45,US Dollar,Reinvestment,0
2022/09/01 00:05,2954,800AD2E90,1818,800AB6A60,1313043.0,US Dollar,1313043.0,US Dollar,ACH,0
2022/09/01 00:17,1924,800ACF6F0,544,800ABDA40,2369525.72,US Dollar,2369525.72,US Dollar,Cheque,0
2022/09/01 00:25,20,800ACD160,20,800ACD160,1293.21,US Dollar,1293.21,US Dollar,Reinvestment,0
2022/09/01 00:19,1313,800AB4D90,20,800ACD890,601783.0,US Dollar,601783.0,US Dollar,Cheque,0
2022/09/01 00:19,21418,800AB4DE0,2310,800ACF520,2567249.0,US Dollar,2567249.0,US Dollar,ACH,0
2022/09/01 00:02,1046,800ACF6A0,1046,800ACF6A0,27563.11,US Dollar,27563.11,US Dollar,Reinvestment,0
2022/09/01 00:04,31620,800BA9350,0,800ABF260,0.01,US Dollar,0.01,US Dollar,Cheque,0
2022/09/01 00:00,21418,800AB4DE0,21418,800AB4DE0,23.61,US Dollar,23.61,US Dollar,Reinvestment,0
2022/09/01 00:27,1315,800AB6600,1315,800AB6600,3.8,US Dollar,3.8,US Dollar,Reinvestment,0
2022/09/01 00:29,1818,800AB6A60,53518,814FFFC60,0.13,US Dollar,0.13,US Dollar,Credit Card,0
2022/09/01 00:03,544,800ABDA40,165399,828C3B850,18.87,US Dollar,18.87,US Dollar,Credit Card,0
2022/09/01 00:06,0,800ABF260,0,800ABF260,7.29,US Dollar,7.29,US Dollar,Reinvestment,0
2022/09/01 00:16,20,800ACD160,20,800ACD160,19.72,US Dollar,19.72,US Dollar,Reinvestment,0
2022/09/01 00:08,20,800ACD890,53518,814FFFC60,44.9,US Dollar,44.9,US Dollar,Credit Card,0
2022/09/01 00:08,2310,800ACF520,158866,839E491F0,9.02,US Dollar,9.02,US Dollar,Credit Card,0
2022/09/01 00:17,1046,800ACF6A0,1046,800ACF6A0,17.34,US Dollar,17.34,US Dollar,Reinvestment,0
2022/09/01 00:05,741,800AD2DC0,8513,803CC5390,3.44,US Dollar,3.44,US Dollar,Credit Card,0
2022/09/01 00:09,1922,800B9B910,1922,800B9B910,3.82,US Dollar,3.82,US Dollar,Reinvestment,0
2022/09/01 00:16,11796,800BAB340,11796,800BAB340,1519.05,US Dollar,1519.05,US Dollar,Reinvestment,0
2022/09/01 00:03,718,800BAD180,718,800BAD180,5956.72,US Dollar,5956.72,US Dollar,Reinvestment,0
2022/09/01 00:12,1601,800BAB2F0,2776,800BAD3A0,5876999.99,US Dollar,5876999.99,US Dollar,Cheque,0
2022/09/01 00:06,867,800BAD3F0,867,800BAD3F0,502.67,US Dollar,502.67,US Dollar,Reinvestment,0
2022/09/01 00:24,32041,800BAF590,32041,800BAF590,5914.14,US Dollar,5914.14,US Dollar,Reinvestment,0
2022/09/01 00:17,11,800BAFE20,11,800BAFE20,1292.36,US Dollar,1292.36,US Dollar,Reinvestment,0
2022/09/01 00:04,1601,800BAB2F0,0,800CC3480,511637.03,US Dollar,511637.03,US Dollar,Cheque,0
2022/09/01 00:00,32248,80056BBD0,11,800BAFE20,12373.74,US Dollar,12373.74,US Dollar,ACH,0
2022/09/01 00:16,11,800BAFE20,20,800CCE3D0,626872.0,US Dollar,626872.0,US Dollar,ACH,0
2022/09/01 00:03,741,800EC5E10,741,800EC5E10,60435.61,US Dollar,60435.61,US Dollar,Reinvestment,0
2022/09/01 00:16,0,800EC5EB0,0,800EC5EB0,12995.31,US Dollar,12995.31,US Dollar,Reinvestment,0
2022/09/01 00:16,31398,80145B8D0,31398,80145B8D0,19757.75,US Dollar,19757.75,US Dollar,Reinvestment,0
2022/09/01 00:05,33548,80145B970,33548,80145B970,2081.03,US Dollar,2081.03,US Dollar,Reinvestment,0
2022/09/01 00:00,11798,80145BAF0,11798,80145BAF0,4981.27,US Dollar,4981.27,US Dollar,Reinvestment,0
2022/09/01 00:07,718,800BAD180,718,800BAD180,13.76,US Dollar,13.76,US Dollar,Reinvestment,0
2022/09/01 00:25,2776,800BAD3A0,86993,82208C8C0,3.54,US Dollar,3.54,US Dollar,Credit Card,0
2022/09/01 00:20,11081,800BAFE70,139958,81B2A5010,233.8,US Dollar,233.8,US Dollar,Credit Card,0
2022/09/01 00:07,1315,800BAFEF0,1315,800BAFEF0,15.76,US Dollar,15.76,US Dollar,Reinvestment,0
2022/09/01 00:16,952,800BB3D50,10409,8178CDFC0,28.22,US Dollar,28.22,US Dollar,Credit Card,0
2022/09/01 00:18,1488,800CC3400,78911,828D69B00,138.35,US Dollar,138.35,US Dollar,Credit Card,0
2022/09/01 00:23,0,800CC3480,86993,82208C8C0,43.99,US Dollar,43.99,US Dollar,Credit Card,0
2022/09/01 00:14,20,800CCE3D0,120090,81B22E1C0,19.61,US Dollar,19.61,US Dollar,Credit Card,0
2022/09/01 00:00,1924,800CCE420,1924,800CCE420,22.94,US Dollar,22.94,US Dollar,Reinvestment,0
2022/09/01 00:05,544,800CCE470,223111,83341B000,9.38,US Dollar,9.38,US Dollar,Credit Card,0
2022/09/01 00:26,0,800CCE690,235792,81B2A80E0,27.56,US Dollar,27.56,US Dollar,Credit Card,0
2022/09/01 00:05,0,801480F70,1922,80146E870,191.0,US Dollar,191.0,US Dollar,ACH,0
2022/09/01 00:13,33569,80146E8C0,33569,80146E8C0,3502.12,US Dollar,3502.12,US Dollar,Reinvestment,0
2022/09/01 00:14,20,80147EED0,867,80146ED80,2070101.0,US Dollar,2070101.0,US Dollar,ACH,0
2022/09/01 00:08,20,801470F00,20,801470F00,167.4,US Dollar,167.4,US Dollar,Reinvestment,0
2022/09/01 00:01,20,80147EED0,20,80147EED0,10354.6,US Dollar,10354.6,US Dollar,Reinvestment,0
2022/09/01 00:20,2310,80147F470,2310,80147F470,407.08,US Dollar,407.08,US Dollar,Reinvestment,0
2022/09/01 00:01,2597,80147FBB0,2597,80147FBB0,6046.74,US Dollar,6046.74,US Dollar,Reinvestment,0
2022/09/01 00:13,544,80146EDD0,741,80147FFF0,87046.0,US Dollar,87046.0,US Dollar,ACH,0
2022/09/01 00:15,1818,801480F20,1818,801480F20,5102.78,US Dollar,5102.78,US Dollar,Reinvestment,0
2022/09/01 00:28,11304,80146C070,23435,8014813D0,527592.03,US Dollar,527592.03,US Dollar,ACH,0
2022/09/01 00:03,33586,8014820B0,33586,8014820B0,2443.32,US Dollar,2443.32,US Dollar,Reinvestment,0
2022/09/01 00:25,544,80146EDD0,544,80146EDD0,4397.0,US Dollar,4397.0,US Dollar,Wire,0
2022/09/01 00:28,1922,80146E870,12696,811676170,20.7,US Dollar,20.7,US Dollar,Credit Card,0
2022/09/01 00:14,867,80146ED80,124809,81ED96800,22.39,US Dollar,22.39,US Dollar,Credit Card,0
2022/09/01 00:25,718,80147E9B0,7793,8338F1500,45.89,US Dollar,45.89,US Dollar,Credit Card,0
2022/09/01 00:06,0,80147EA00,13514,805C5B2B0,3.45,US Dollar,3.45,US Dollar,Credit Card,0
2022/09/01 00:16,2597,80147EA50,2597,80147EA50,5.22,US Dollar,5.22,US Dollar,Reinvestment,0
2022/09/01 00:26,1315,80147EAA0,1315,80147EAA0,23.31,US Dollar,23.31,US Dollar,Reinvestment,0
2022/09/01 00:18,11848,80147F010,12696,811676170,3.78,US Dollar,3.78,US Dollar,Credit Card,0
2022/09/01 00:20,741,80147FFF0,124809,81ED96800,37.93,US Dollar,37.93,US Dollar,Credit Card,0
2022/09/01 00:12,1818,801480F20,1818,801480F20,20.23,US Dollar,20.23,US Dollar,Reinvestment,0
2022/09/01 00:26,23435,8014813D0,2177828,84EAE4470,31.47,US Dollar,31.47,US Dollar,Credit Card,0
2022/09/01 00:09,2310,801485B00,20,800EBEB80,640945.0,US Dollar,640945.0,US Dollar,ACH,0
2022/09/01 00:25,3503,80148ABA0,1922,800EBEC70,761859.0,US Dollar,761859.0,US Dollar,Cheque,0
2022/09/01 00:24,2310,801485B00,20,80148BB80,877182.0,US Dollar,877182.0,US Dollar,Cheque,0
2022/09/01 00:14,1488,80148FBF0,11304,80148C8E0,663200.0,US Dollar,663200.0,US Dollar,ACH,0
2022/09/01 00:29,2310,80148AB50,2776,80148D9E0,69781.56,US Dollar,69781.56,US Dollar,ACH,0
2022/09/01 00:20,33599,80148DA30,33599,80148DA30,12913.9,US Dollar,12913.9,US Dollar,Reinvestment,0
2022/09/01 00:21,1313,801485EF0,1313,801485EF0,8.32,US Dollar,8.32,US Dollar,Reinvestment,0
2022/09/01 00:10,20,800EBEB80,27934,807964FE0,70.96,US Dollar,70.96,US Dollar,Credit Card,0
2022/09/01 00:22,1922,800EBEC70,242337,82E3984C0,41.77,US Dollar,41.77,US Dollar,Credit Card,0
2022/09/01 00:05,2310,80148AB50,2310,80148AB50,7.42,US Dollar,7.42,US Dollar,Reinvestment,0
2022/09/01 00:12,20,80148BB80,2147575,84515B2C0,91.07,US Dollar,91.07,US Dollar,Credit Card,0
2022/09/01 00:18,11304,80148BC20,2147575,84515B2C0,19.6,US Dollar,19.6,US Dollar,Credit Card,0
2022/09/01 00:26,11304,80148C8E0,213895,828E49B70,35.1,US Dollar,35.1,US Dollar,Credit Card,0
2022/09/01 00:14,2776,80148D9E0,242337,82E3984C0,34.99,US Dollar,34.99,US Dollar,Credit Card,0
2022/09/01 00:26,23128,801491A00,12696,801491120,46925.0,US Dollar,46925.0,US Dollar,Cheque,0
2022/09/01 00:18,11304,801491190,11304,801491190,72.75,US Dollar,72.75,US Dollar,Reinvestment,0
2022/09/01 00:06,21418,801491A50,12582,801491230,1185313.0,US Dollar,1185313.0,US Dollar,Cheque,0
2022/09/01 00:25,11796,801491910,11796,801491910,338.07,US Dollar,338.07,US Dollar,Reinvestment,0
2022/09/01 00:27,23128,801491A00,23128,801491A00,791.74,US Dollar,791.74,US Dollar,Reinvestment,0
2022/09/01 00:05,867,80148FE90,867,80148FE90,14.85,US Dollar,14.85,US Dollar,Reinvestment,0
2022/09/01 00:05,12696,801491120,112140,8272E8580,22.02,US Dollar,22.02,US Dollar,Credit Card,0
2022/09/01 00:11,11304,801491190,11304,801491190,22.64,US Dollar,22.64,US Dollar,Reinvestment,0
2022/09/01 00:09,12582,801491230,168775,826CC6A60,74.78,US Dollar,74.78,US Dollar,Credit Card,0
2022/09/01 00:19,11796,801491910,11796,801491910,5.87,US Dollar,5.87,US Dollar,Reinvestment,0
2022/09/01 00:22,1601,8014929E0,1601,8014929E0,686624.05,US Dollar,686624.05,US Dollar,Reinvestment,0
2022/09/01 00:05,952,8014951B0,952,8014951B0,1208.88,US Dollar,1208.88,US Dollar,Reinvestment,0
2022/09/01 00:15,952,8014951B0,23128,8014962F0,114080.64,US Dollar,114080.64,US Dollar,ACH,0
2022/09/01 00:28,2310,801492A30,2597,801496560,2954.0,US Dollar,2954.0,US Dollar,Cheque,0
2022/09/01 00:21,0,800074AD0,952,8014951B0,71211.0,US Dollar,71211.0,US Dollar,ACH,0
2022/09/01 00:14,952,801492C00,288720,830F8C3F0,12.64,US Dollar,12.64,US Dollar,Credit Card,0
2022/09/01 00:06,20,801495AA0,246084,832ADA770,22.21,US Dollar,22.21,US Dollar,Credit Card,0
2022/09/01 00:26,23128,8014962F0,288720,830F8C3F0,46.77,US Dollar,46.77,US Dollar,Credit Card,0
2022/09/01 00:26,2597,801496560,14992,8101209A0,14.88,US Dollar,14.88,US Dollar,Credit Card,0
2022/09/01 00:20,1922,8009B7390,7810,8259458C0,7.17,US Dollar,7.17,US Dollar,Credit Card,0
2022/09/01 00:27,23128,8014A0B10,23128,8014A0B10,201.71,US Dollar,201.71,US Dollar,Reinvestment,0
2022/09/01 00:26,1488,8015BA2F0,867,8014A0F00,1569753.0,US Dollar,1569753.0,US Dollar,ACH,0
2022/09/01 00:24,2310,8014A5CD0,2310,8014A5CD0,17867.58,US Dollar,17867.58,US Dollar,Reinvestment,0
2022/09/01 00:06,11848,801497420,23435,801564C20,775993.92,US Dollar,775993.92,US Dollar,Cheque,0
2022/09/01 00:22,1208,801497470,1122461,848FDDD30,33.59,US Dollar,33.59,US Dollar,Credit Card,0
2022/09/01 00:29,867,8014A0F00,11,800ADB630,2.67,US Dollar,2.67,US Dollar,Credit Card,0
2022/09/01 00:10,741,8014A4E10,1122461,848FDDD30,140.21,US Dollar,140.21,US Dollar,Credit Card,0
2022/09/01 00:06,23435,801564C20,257757,81C2D5230,171.1,US Dollar,171.1,US Dollar,Credit Card,0
2022/09/01 00:01,3503,8015B8D70,1122461,848FDDD30,7.53,US Dollar,7.53,US Dollar,Credit Card,0
2022/09/01 00:16,13600,8015B97D0,13600,8015B97D0,10.98,US Dollar,10.98,US Dollar,Reinvestment,0
2022/09/01 00:26,33944,80165E120,33944,80165E120,9913.93,US Dollar,9913.93,US Dollar,Reinvestment,0
2022/09/01 00:29,1831,801660F00,1831,801660F00,1039.19,US Dollar,1039.19,US Dollar,Reinvestment,0
2022/09/01 00:06,23435,801660FF0,23435,801660FF0,73.62,US Dollar,73.62,US Dollar,Reinvestment,0
2022/09/01 00:15,11,801663840,11,801663840,2038.57,US Dollar,2038.57,US Dollar,Reinvestment,0
2022/09/01 00:12,11,800072260,23435,801660FF0,2783.0,US Dollar,2783.0,US Dollar,Cheque,0
2022/09/01 00:05,544,801663D30,544,801663D30,8.78,US Dollar,8.78,US Dollar,Reinvestment,0
2022/09/01 00:17,3503,800CED580,273734,81FC6B2C0,36.9,US Dollar,36.9,US Dollar,Credit Card,0
2022/09/01 00:28,13843,800CEE860,13843,800CEE860,870925.43,US Dollar,870925.43,US Dollar,Reinvestment,0
2022/09/01 00:05,20,80184FF60,214,80183E520,27040.0,US Dollar,27040.0,US Dollar,Cheque,0
2022/09/01 00:04,13843,80184F3C0,13843,80184F3C0,1284.62,US Dollar,1284.62,US Dollar,Reinvestment,0
2022/09/01 00:26,718,8018402A0,13843,801850580,42111.0,US Dollar,42111.0,US Dollar,ACH,0
2022/09/01 00:22,3898,801853430,3898,801853430,11162.01,US Dollar,11162.01,US Dollar,Reinvestment,0
2022/09/01 00:28,13843,800CEE860,13600,801853480,529263.0,US Dollar,529263.0,US Dollar,Cheque,0
2022/09/01 00:16,0,8018A8EA0,0,8018A8EA0,1189.31,US Dollar,1189.31,US Dollar,Reinvestment,0
2022/09/01 00:26,34421,8018A9150,1922,8018A8E50,0.01,US Dollar,0.01,US Dollar,Cheque,0
2022/09/01 00:07,13843,80184F3C0,3503,8018ABD10,2249035.0,US Dollar,2249035.0,US Dollar,Cheque,0
2022/09/01 00:13,11,800072260,2310,80183F300,50615.0,US Dollar,50615.0,US Dollar,Cheque,0
2022/09/01 00:17,13843,800CEE860,13843,800CEE860,11.03,US Dollar,11.03,US Dollar,Reinvestment,0
2022/09/01 00:19,20,80183E4D0,2135152,8489DDAE0,32.79,US Dollar,32.79,US Dollar,Credit Card,0
2022/09/01 00:15,214,80183E520,255931,81E188D20,24.3,US Dollar,24.3,US Dollar,Credit Card,0
2022/09/01 00:18,3503,80183FF40,3503,80183FF40,19.3,US Dollar,19.3,US Dollar,Reinvestment,0
2022/09/01 00:18,20,80184FF60,20,80184FF60,19.1,US Dollar,19.1,US Dollar,Reinvestment,0
2022/09/01 00:25,1831,801850050,272237,84C9B7A00,180.09,US Dollar,180.09,US Dollar,Credit Card,0
2022/09/01 00:21,13843,801850580,249383,813B33510,88.13,US Dollar,88.13,US Dollar,Credit Card,0
2022/09/01 00:18,13600,801853480,295854,830C69880,138.95,US Dollar,138.95,US Dollar,Credit Card,0
2022/09/01 00:15,21418,8018A8C30,255931,81E188D20,36.13,US Dollar,36.13,US Dollar,Credit Card,0
2022/09/01 00:20,0,8018A8EA0,0,8018A8EA0,16.31,US Dollar,16.31,US Dollar,Reinvestment,0
2022/09/01 00:29,11032,8018A8F40,255931,81E188D20,39.76,US Dollar,39.76,US Dollar,Credit Card,0
2022/09/01 00:25,3503,8018ABD10,122953,839BCB2A0,35.4,US Dollar,35.4,US Dollar,Credit Card,0
2022/09/01 00:16,2954,8018BF6E0,2954,8018BF6E0,4560.11,US Dollar,4560.11,US Dollar,Reinvestment,0
2022/09/01 00:01,1313,801C89650,1313,801C89650,13971.69,US Dollar,13971.69,US Dollar,Reinvestment,0
2022/09/01 00:03,1818,801C89DC0,952,801C89C30,221692.0,US Dollar,221692.0,US Dollar,Cheque,0
2022/09/01 00:16,2954,8018BF6E0,2954,8018BF6E0,3.49,US Dollar,3.49,US Dollar,Reinvestment,0
2022/09/01 00:17,1313,801C89650,1313,801C89650,18.28,US Dollar,18.28,US Dollar,Reinvestment,0
2022/09/01 00:03,952,801C89C30,29655,82E5F17B0,169.85,US Dollar,169.85,US Dollar,Credit Card,0
2022/09/01 00:00,2310,801C89C80,2310,801C89C80,9.75,US Dollar,9.75,US Dollar,Reinvestment,0
2022/09/01 00:13,1922,801C89D20,125344,80A43C7A0,325.86,US Dollar,325.86,US Dollar,Credit Card,0
2022/09/01 00:01,1046,801C89D70,1046,801C89D70,22.94,US Dollar,22.94,US Dollar,Reinvestment,0
2022/09/01 00:15,24842,801CDB530,24689,801DB4850,232714.0,US Dollar,232714.0,US Dollar,ACH,0
2022/09/01 00:01,14031,801DB7F80,14031,801DB7F80,12468.32,US Dollar,12468.32,US Dollar,Reinvestment,0
2022/09/01 00:21,3902,801DB9040,3902,801DB9040,8249.8,US Dollar,8249.8,US Dollar,Reinvestment,0
2022/09/01 00:07,24830,801DBD830,24830,801DBD830,10272.16,US Dollar,10272.16,US Dollar,Reinvestment,0
2022/09/01 00:16,23602,801DB8020,11304,801DBF1D0,990931.0,US Dollar,990931.0,US Dollar,Cheque,0
2022/09/01 00:25,20,800070770,14031,801DB7F80,122643.0,US Dollar,122643.0,US Dollar,ACH,0
2022/09/01 00:06,24842,801CDB530,24842,801CDB530,23.98,US Dollar,23.98,US Dollar,Reinvestment,0
2022/09/01 00:08,1488,801CEFCD0,20,804FF6150,36.73,US Dollar,36.73,US Dollar,Credit Card,0
2022/09/01 00:16,24689,801DB4850,11,801544530,1.02,US Dollar,1.02,US Dollar,Credit Card,0
2022/09/01 00:07,24830,801DBD830,24830,801DBD830,20.99,US Dollar,20.99,US Dollar,Reinvestment,0
2022/09/01 00:24,11304,801DBF1D0,192012,827C64E10,1.96,US Dollar,1.96,US Dollar,Credit Card,0
2022/09/01 00:14,20,801DC70B0,15019,802376010,40839293.0,US Dollar,40839293.0,US Dollar,Cheque,0
2022/09/01 00:04,20,802376060,20,802376060,5331.62,US Dollar,5331.62,US Dollar,Reinvestment,0
2022/09/01 00:17,3761,801DCCF10,3761,801DCCF10,22.89,US Dollar,22.89,US Dollar,Reinvestment,0
2022/09/01 00:21,11,801DCD760,17364,8038D0D10,13.39,US Dollar,13.39,US Dollar,Credit Card,0
2022/09/01 00:14,14031,801DCD7B0,14031,801DCD7B0,23.7,US Dollar,23.7,US Dollar,Reinvestment,0
2022/09/01 00:28,214,801DCFC10,210105,838DAB8D0,70.48,US Dollar,70.48,US Dollar,Credit Card,0
2022/09/01 00:25,15019,802376010,278166,830C53B30,21.29,US Dollar,21.29,US Dollar,Credit Card,0
2022/09/01 00:12,11796,802421720,11796,802421720,17310.56,US Dollar,17310.56,US Dollar,Reinvestment,0
2022/09/01 00:21,15325,802B08670,4292,8024AE0D0,647.0,US Dollar,647.0,US Dollar,Cheque,0
2022/09/01 00:01,15019,80241FCD0,25932,8024AE170,71706.0,US Dollar,71706.0,US Dollar,ACH,0
2022/09/01 00:01,25642,802B44BA0,15594,802B083B0,898444.14,US Dollar,898444.14,US Dollar,Cheque,0
2022/09/01 00:11,7098,802B091C0,7098,802B091C0,4848.09,US Dollar,4848.09,US Dollar,Reinvestment,0
2022/09/01 00:24,25222,802B08450,1313,80259F310,42761.0,US Dollar,42761.0,US Dollar,Cheque,0
2022/09/01 00:17,11796,802421720,11796,802421720,8.69,US Dollar,8.69,US Dollar,Reinvestment,0
2022/09/01 00:17,11304,8024ADC60,111554,84CA78210,26.02,US Dollar,26.02,US Dollar,Credit Card,0
2022/09/01 00:13,4292,8024AE0D0,191805,84BD5F940,7.02,US Dollar,7.02,US Dollar,Credit Card,0
2022/09/01 00:15,25932,8024AE170,158979,84AA7A910,401.66,US Dollar,401.66,US Dollar,Credit Card,0
2022/09/01 00:08,25444,8024AE510,63074,82AA55260,34.65,US Dollar,34.65,US Dollar,Credit Card,0
2022/09/01 00:04,15594,802B083B0,32425,82E4516E0,12.9,US Dollar,12.9,US Dollar,Credit Card,0
2022/09/01 00:14,15325,802B08670,15325,802B08670,13.06,US Dollar,13.06,US Dollar,Reinvestment,0
2022/09/01 00:21,7098,802B091C0,7098,802B091C0,15.75,US Dollar,15.75,US Dollar,Reinvestment,0
2022/09/01 00:03,25642,802B44BA0,25642,802B44BA0,12.59,US Dollar,12.59,US Dollar,Reinvestment,0
2022/09/01 00:16,1313,80259F310,27512,8032C69F0,27.05,US Dollar,27.05,US Dollar,Credit Card,0
2022/09/01 00:23,15325,802B451F0,178252,84BD5F8F0,7.1,US Dollar,7.1,US Dollar,Credit Card,0
2022/09/01 00:21,718,802B46300,718,802B46300,4863030.63,US Dollar,4863030.63,US Dollar,Reinvestment,0
2022/09/01 00:12,23435,802B4EEB0,23435,802B4EEB0,1222.79,US Dollar,1222.79,US Dollar,Reinvestment,0
2022/09/01 00:13,26999,802D52510,26999,802D52510,366.23,US Dollar,366.23,US Dollar,Reinvestment,0
2022/09/01 00:00,7098,802D528D0,25222,802E99440,2346712.0,US Dollar,2346712.0,US Dollar,ACH,0
2022/09/01 00:05,26999,802D52510,6109,802E9A850,2986.68,US Dollar,2986.68,US Dollar,ACH,0
2022/09/01 00:11,7818,802E9A8C0,4687,802E9ABD0,1870673.0,US Dollar,1870673.0,US Dollar,ACH,0
2022/09/01 00:07,23435,802B4EEB0,23435,802B4EEB0,6.05,US Dollar,6.05,US Dollar,Reinvestment,0
2022/09/01 00:16,4292,802D56140,121623,83D8FC860,27.27,US Dollar,27.27,US Dollar,Credit Card,0
2022/09/01 00:02,25222,802E99440,146853,81F54BC00,50.63,US Dollar,50.63,US Dollar,Credit Card,0
2022/09/01 00:25,6109,802E9A850,16327,81BBC73B0,7.8,US Dollar,7.8,US Dollar,Credit Card,0
2022/09/01 00:25,4687,802E9ABD0,146853,81F54BC00,158.16,US Dollar,158.16,US Dollar,Credit Card,0
2022/09/01 00:17,7061,802E9AC20,121623,83D8FC860,47.86,US Dollar,47.86,US Dollar,Credit Card,0
2022/09/01 00:00,4548,802E9B8C0,4548,802E9B8C0,4055694.26,US Dollar,4055694.26,US Dollar,Reinvestment,0
2022/09/01 00:28,27907,802F13750,2776,802E9E430,4665.59,US Dollar,4665.59,US Dollar,Cheque,0
2022/09/01 00:25,18112,8031293D0,1315,802FC3260,6644640.0,US Dollar,6644640.0,US Dollar,Cheque,0
2022/09/01 00:27,38268,802FC9060,38268,802FC9060,487.64,US Dollar,487.64,US Dollar,Reinvestment,0
2022/09/01 00:13,35215,802FC9280,27907,802F13750,1900.61,US Dollar,1900.61,US Dollar,ACH,0
2022/09/01 00:15,38271,802FCA4C0,38271,802FCA4C0,6407.99,US Dollar,6407.99,US Dollar,Reinvestment,0
2022/09/01 00:11,25222,802FC8FC0,23435,80306F2E0,3946.72,US Dollar,3946.72,US Dollar,ACH,0
2022/09/01 00:09,38517,803128730,38517,803128730,496.08,US Dollar,496.08,US Dollar,Reinvestment,0
2022/09/01 00:02,7998,8031288B0,7998,8031288B0,20858.84,US Dollar,20858.84,US Dollar,Reinvestment,0
2022/09/01 00:05,4548,802E9B8C0,7770,803128CA0,1123645.0,US Dollar,1123645.0,US Dollar,Cheque,0
2022/09/01 00:27,2776,802E9E430,116837,80EB106F0,45.16,US Dollar,45.16,US Dollar,Credit Card,0
2022/09/01 00:12,1315,802FC3260,13688,8323CA470,164.39,US Dollar,164.39,US Dollar,Credit Card,0
2022/09/01 00:19,4011,802FC32B0,116837,80EB106F0,143.01,US Dollar,143.01,US Dollar,Credit Card,0
2022/09/01 00:08,1208,802FC36F0,116837,80EB106F0,181.09,US Dollar,181.09,US Dollar,Credit Card,0
2022/09/01 00:09,25222,802FC8FC0,25222,802FC8FC0,8.63,US Dollar,8.63,US Dollar,Reinvestment,0
2022/09/01 00:18,18024,802FE6130,18024,802FE6130,14.58,US Dollar,14.58,US Dollar,Reinvestment,0
2022/09/01 00:04,23435,80306F2E0,48741,82C895BC0,67.05,US Dollar,67.05,US Dollar,Credit Card,0
2022/09/01 00:07,4744,80306F3D0,93615,83A54A2A0,176.54,US Dollar,176.54,US Dollar,Credit Card,0
2022/09/01 00:27,16315,803127C70,16315,803127C70,19.5,US Dollar,19.5,US Dollar,Reinvestment,0
2022/09/01 00:00,7770,803128CA0,13688,8323CA470,134.71,US Dollar,134.71,US Dollar,Credit Card,0
2022/09/01 00:14,28313,80313FDD0,28313,80313FDD0,14237505.01,US Dollar,14237505.01,US Dollar,Reinvestment,0
2022/09/01 00:13,38538,80313FFF0,38538,80313FFF0,998.81,US Dollar,998.81,US Dollar,Reinvestment,0
2022/09/01 00:21,31287,803141370,31287,803141370,2542.51,US Dollar,2542.51,US Dollar,Reinvestment,0
2022/09/01 00:00,5610,8031413C0,5610,8031413C0,166174.73,US Dollar,166174.73,US Dollar,Reinvestment,0
2022/09/01 00:05,5610,8032D2A40,4011,8032D1A00,109237.84,US Dollar,109237.84,US Dollar,Cheque,0
2022/09/01 00:05,0,800075150,28313,80313FDD0,32574.0,US Dollar,32574.0,US Dollar,ACH,0
2022/09/01 00:06,20,800104D20,5610,8032D2A40,879.0,US Dollar,879.0,US Dollar,Cheque,0
2022/09/01 00:18,5610,8031413C0,5610,8031413C0,22.63,US Dollar,22.63,US Dollar,Reinvestment,0
2022/09/01 00:02,16809,8032D0D50,24703,81499EAD0,23.26,US Dollar,23.26,US Dollar,Credit Card,0
2022/09/01 00:02,1315,8032D1500,7317,84D2094D0,156.76,US Dollar,156.76,US Dollar,Credit Card,0
2022/09/01 00:19,4011,8032D1A00,4011,8032D1A00,97.27,Euro,113.98,US Dollar,ACH,0
2022/09/01 00:19,4011,8032D1A00,279443,82ADF2DA0,97.27,Euro,97.27,Euro,Credit Card,0
2022/09/01 00:01,15240,8032D2560,257203,822BED770,69.92,US Dollar,69.92,US Dollar,Credit Card,0
2022/09/01 00:06,24842,8032D2B30,24703,81499EAD0,3.92,US Dollar,3.92,US Dollar,Credit Card,0
2022/09/01 00:06,4744,8032D4EB0,4744,8032D4EB0,3688068.22,US Dollar,3688068.22,US Dollar,Reinvestment,0
2022/09/01 00:21,1601,8032D4F00,1601,8032D4F00,503.77,US Dollar,503.77,US Dollar,Reinvestment,0
2022/09/01 00:05,17569,8032D5C80,17569,8032D5C80,3855.49,US Dollar,3855.49,US Dollar,Reinvestment,0
2022/09/01 00:17,23435,8032D6BF0,23435,8032D6BF0,14481.32,US Dollar,14481.32,US Dollar,Reinvestment,0
2022/09/01 00:11,17569,8032D5C80,25580,80341B900,642197.48,US Dollar,642197.48,US Dollar,ACH,0
2022/09/01 00:15,15123,8032D66A0,1313,80341C820,268.0,US Dollar,268.0,US Dollar,Cheque,0
2022/09/01 00:14,39002,80341E350,39002,80341E350,3503.94,US Dollar,3503.94,US Dollar,Reinvestment,0
2022/09/01 00:22,13729,8018A8C80,4548,80341B290,4905.0,US Dollar,4905.0,US Dollar,ACH,0
2022/09/01 00:10,2597,8032D5C30,2597,8032D5C30,12.77,US Dollar,12.77,US Dollar,Reinvestment,0
2022/09/01 00:25,27934,8032D66F0,215275,8363628E0,18.82,US Dollar,18.82,US Dollar,Credit Card,0
2022/09/01 00:13,5991,80341B8B0,5991,80341B8B0,14.26,UK Pound,18.42,US Dollar,ACH,0
2022/09/01 00:13,5991,80341B8B0,196551,82702D080,14.26,UK Pound,14.26,UK Pound,Credit Card,0
2022/09/01 00:07,25580,80341B900,153341,816298590,30.11,US Dollar,30.11,US Dollar,Credit Card,0
2022/09/01 00:07,1313,80341C820,139257,8176CBF70,9.85,US Dollar,9.85,US Dollar,Credit Card,0
2022/09/01 00:04,7141,80341F160,7141,80341F160,15957240.75,US Dollar,15957240.75,US Dollar,Reinvestment,0
2022/09/01 00:14,7141,80341F160,25644,80341FB60,11.0,US Dollar,11.0,US Dollar,Cheque,0
2022/09/01 00:14,18822,80344D890,18822,80344D890,81172.37,US Dollar,81172.37,US Dollar,Reinvestment,0
2022/09/01 00:02,1601,803451700,1601,803451700,40836.68,US Dollar,40836.68,US Dollar,Reinvestment,0
2022/09/01 00:13,1601,803451700,15594,803454670,2158.0,US Dollar,2158.0,US Dollar,Cheque,0
2022/09/01 00:21,27453,80345B620,15123,803454710,3043.0,US Dollar,3043.0,US Dollar,Cheque,0
2022/09/01 00:12,39053,80345B670,39053,80345B670,42.15,US Dollar,42.15,US Dollar,Reinvestment,0
2022/09/01 00:13,7141,80341F160,15327,80345B890,2314.0,US Dollar,2314.0,US Dollar,ACH,0
2022/09/01 00:18,28219,80345BA20,28219,80345BA20,2895.28,US Dollar,2895.28,US Dollar,Reinvestment,0
2022/09/01 00:14,0,80006C140,27453,80345B620,50000.0,US Dollar,50000.0,US Dollar,ACH,0
2022/09/01 00:14,25644,80341FB60,57778,815AD8CE0,38.74,US Dollar,38.74,US Dollar,Credit Card,0
2022/09/01 00:09,7998,8034220A0,298720,850553BC0,5.58,US Dollar,5.58,US Dollar,Credit Card,0
2022/09/01 00:16,7720,80344C800,7720,80344C800,8.52,US Dollar,8.52,US Dollar,Reinvestment,0
2022/09/01 00:15,28474,8034541F0,25444,82CE277A0,210.62,US Dollar,210.62,US Dollar,Credit Card,0
2022/09/01 00:09,23435,803454260,114025,844EF18F0,67.77,US Dollar,67.77,US Dollar,Credit Card,0
2022/09/01 00:25,15594,803454670,57778,815AD8CE0,3.54,US Dollar,3.54,US Dollar,Credit Card,0
2022/09/01 00:04,26967,8034546C0,298720,850553BC0,1.95,US Dollar,1.95,US Dollar,Credit Card,0
2022/09/01 00:17,15123,803454710,252970,82961C2B0,8.35,US Dollar,8.35,US Dollar,Credit Card,0
2022/09/01 00:13,4011,803458DF0,5610,8032D2A40,6.9,US Dollar,6.9,US Dollar,Credit Card,0
2022/09/01 00:29,26134,80345AE30,115036,815AD8C90,82.07,US Dollar,82.07,US Dollar,Credit Card,0
2022/09/01 00:03,15327,80345B890,4563,847FA01D0,253.99,US Dollar,253.99,US Dollar,Credit Card,0
2022/09/01 00:13,13729,80345B930,57778,815AD8CE0,11.11,US Dollar,11.11,US Dollar,Credit Card,0
2022/09/01 00:04,7810,80345B9D0,57778,815AD8CE0,67.75,US Dollar,67.75,US Dollar,Credit Card,0
2022/09/01 00:21,5991,802E47280,5991,802E47280,21017223.83,US Dollar,21017223.83,US Dollar,Reinvestment,0
2022/09/01 00:08,25932,803A7E910,25932,803A7E910,982.09,US Dollar,982.09,US Dollar,Reinvestment,0
2022/09/01 00:23,16327,803A7E960,16327,803A7E960,9365.44,US Dollar,9365.44,US Dollar,Reinvestment,0
2022/09/01 00:07,8285,803A7EE20,8285,803A7EE20,252.11,US Dollar,252.11,US Dollar,Reinvestment,0
2022/09/01 00:03,1831,803A7EEC0,9340,803A7F320,4072.1,US Dollar,4072.1,US Dollar,ACH,0
2022/09/01 00:01,1831,803A7EEC0,8882,803A7F390,160450.0,US Dollar,160450.0,US Dollar,Cheque,0
2022/09/01 00:12,25932,803A7E910,29630,803B4B9A0,5373.53,US Dollar,5373.53,US Dollar,Cheque,0
2022/09/01 00:19,25932,803A7E910,6697,803D168C0,509.0,US Dollar,509.0,US Dollar,ACH,0
2022/09/01 00:20,310575,803D18F10,310575,803D18F10,7832.76,US Dollar,7832.76,US Dollar,Reinvestment,0
2022/09/01 00:07,15019,803A79A90,119393,839F91F70,34.7,US Dollar,34.7,US Dollar,Credit Card,0
2022/09/01 00:16,27934,803A7E9B0,212353,816C3AC60,27.9,US Dollar,27.9,US Dollar,Credit Card,0
2022/09/01 00:17,1046,803A7EE70,112010,80BE85D70,1.63,US Dollar,1.63,US Dollar,Credit Card,0
2022/09/01 00:15,9340,803A7F320,212353,806C7C9C0,11.63,US Dollar,11.63,US Dollar,Credit Card,0
2022/09/01 00:04,8882,803A7F390,249814,816C3B2F0,39.41,US Dollar,39.41,US Dollar,Credit Card,0
2022/09/01 00:10,29630,803B4B9A0,25642,8067AA710,460.38,US Dollar,460.38,US Dollar,Credit Card,0
2022/09/01 00:22,28868,803D144C0,119393,839F91F70,43.34,US Dollar,43.34,US Dollar,Credit Card,0
2022/09/01 00:00,11,803D16140,119393,839F91F70,43.15,US Dollar,43.15,US Dollar,Credit Card,0
2022/09/01 00:14,5610,803D16190,5610,803D16190,15.07,US Dollar,15.07,US Dollar,Reinvestment,0
2022/09/01 00:04,6697,803D168C0,2162604,850EFF050,109.04,US Dollar,109.04,US Dollar,Credit Card,0
2022/09/01 00:28,7720,803D17A30,113957,84B602530,2.97,US Dollar,2.97,US Dollar,Credit Card,0
2022/09/01 00:16,310018,803D1AEB0,310018,803D1AEB0,8412.9,US Dollar,8412.9,US Dollar,Reinvestment,0
2022/09/01 00:28,2776,803D1C670,2776,803D1C670,11990.09,US Dollar,11990.09,US Dollar,Reinvestment,0
2022/09/01 00:03,25828,803D1E7C0,21418,803D1C890,106026.0,US Dollar,106026.0,US Dollar,ACH,0
2022/09/01 00:20,18170,803D1C840,741,803D1E240,658.0,US Dollar,658.0,US Dollar,Cheque,0
2022/09/01 00:22,7818,803D1ADC0,4563,803D1E720,12648.0,US Dollar,12648.0,US Dollar,Cheque,0
2022/09/01 00:23,4011,804156A00,7720,8040481B0,2313926.0,US Dollar,2313926.0,US Dollar,Cheque,0
2022/09/01 00:12,25644,804048250,25644,804048250,13198.27,US Dollar,13198.27,US Dollar,Reinvestment,0
2022/09/01 00:02,25828,8041567E0,25828,8041567E0,13.71,US Dollar,13.71,US Dollar,Reinvestment,0
2022/09/01 00:06,24689,8041569B0,24689,8041569B0,5245.86,US Dollar,5245.86,US Dollar,Reinvestment,0
2022/09/01 00:04,9028,804156A50,9028,804156A50,6186.28,US Dollar,6186.28,US Dollar,Reinvestment,0
2022/09/01 00:07,211052,80436FE40,29655,8041CF370,1489.0,US Dollar,1489.0,US Dollar,Cheque,0
2022/09/01 00:18,25828,8041567E0,11081,804375D20,85155.0,US Dollar,85155.0,US Dollar,Cheque,0
2022/09/01 00:05,11304,803D1AE60,146812,83A108430,42.42,US Dollar,42.42,US Dollar,Credit Card,0
2022/09/01 00:05,718,803D1C510,26989,80DFB4B80,75.12,US Dollar,75.12,US Dollar,Credit Card,0
2022/09/01 00:22,21418,803D1C890,228064,8116C6690,566.85,US Dollar,566.85,US Dollar,Credit Card,0
2022/09/01 00:03,9888,803D1DCD0,2103339,841A113F0,27.07,US Dollar,27.07,US Dollar,Credit Card,0
2022/09/01 00:01,741,803D1E240,867,801A0F3A0,11.23,US Dollar,11.23,US Dollar,Credit Card,0
2022/09/01 00:02,10094,8014A4E60,2105844,83C82E5A0,15.51,US Dollar,15.51,US Dollar,Credit Card,0
2022/09/01 00:13,4563,803D1E720,146812,83A108430,27.69,US Dollar,27.69,US Dollar,Credit Card,0
2022/09/01 00:12,7770,803D1E8B0,26989,80DFB4B80,20.08,US Dollar,20.08,US Dollar,Credit Card,0
2022/09/01 00:05,110749,804048140,118676,80B691E00,39.32,US Dollar,39.32,US Dollar,Credit Card,0
2022/09/01 00:23,7720,8040481B0,23602,83A108390,2.29,US Dollar,2.29,US Dollar,Credit Card,0
2022/09/01 00:00,4011,804156A00,4011,804156A00,16.55,US Dollar,16.55,US Dollar,Reinvestment,0
2022/09/01 00:15,29196,804158880,215071,847388F30,35.69,US Dollar,35.69,US Dollar,Credit Card,0
2022/09/01 00:23,8381,80415A140,26989,80DFB4B80,9.5,US Dollar,9.5,US Dollar,Credit Card,0
2022/09/01 00:17,7141,8041CEB40,146812,83A108430,16.86,US Dollar,16.86,US Dollar,Credit Card,0
2022/09/01 00:12,29655,8041CF370,146812,83A108430,119.93,US Dollar,119.93,US Dollar,Credit Card,0
2022/09/01 00:00,11081,804375D20,25828,84FEA0800,98.1,US Dollar,98.1,US Dollar,Credit Card,0
2022/09/01 00:05,7141,804375DC0,7141,804375DC0,15.45,US Dollar,15.45,US Dollar,Reinvestment,0
2022/09/01 00:09,29463,80437AD70,29463,80437AD70,253.61,US Dollar,253.61,US Dollar,Reinvestment,0
2022/09/01 00:08,15978,80437AE60,15978,80437AE60,323.2,US Dollar,323.2,US Dollar,Reinvestment,0
2022/09/01 00:23,10601,80437AEB0,10601,80437AEB0,6202.79,US Dollar,6202.79,US Dollar,Reinvestment,0
2022/09/01 00:21,14031,804386250,14031,804386250,9370.27,US Dollar,9370.27,US Dollar,Reinvestment,0
2022/09/01 00:21,6845,80438BB30,12582,80438B2E0,2956.14,US Dollar,2956.14,US Dollar,Cheque,0
2022/09/01 00:11,6845,80438BB30,6845,80438BB30,3314.59,US Dollar,3314.59,US Dollar,Reinvestment,0
2022/09/01 00:19,8285,80438BB80,8285,80438BB80,1588.95,US Dollar,1588.95,US Dollar,Reinvestment,0
2022/09/01 00:15,29817,804423C60,29817,804423C60,202.23,US Dollar,202.23,US Dollar,Reinvestment,0
2022/09/01 00:10,16809,80438D7C0,8483,804423CB0,723.0,US Dollar,723.0,US Dollar,ACH,0
2022/09/01 00:22,311708,804427C20,311708,804427C20,11306.53,US Dollar,11306.53,US Dollar,Reinvestment,0
2022/09/01 00:04,20,80147EED0,14031,804386250,10026.0,US Dollar,10026.0,US Dollar,ACH,0
2022/09/01 00:21,29463,80437AD70,29463,80437AD70,13.82,US Dollar,13.82,US Dollar,Reinvestment,0
2022/09/01 00:21,28291,804386110,172412,823C2D890,6.47,US Dollar,6.47,US Dollar,Credit Card,0
2022/09/01 00:24,28291,804389A70,198133,828023980,11.67,US Dollar,11.67,US Dollar,Credit Card,0
2022/09/01 00:11,12582,80438B2E0,4214,823C2D8E0,746.98,US Dollar,746.98,US Dollar,Credit Card,0
2022/09/01 00:12,7141,80438D990,227981,81DD7F800,12.11,US Dollar,12.11,US Dollar,Credit Card,0
2022/09/01 00:26,0,8044230B0,0,8044230B0,19.53,US Dollar,19.53,US Dollar,Reinvestment,0
2022/09/01 00:26,29817,804423C60,29817,804423C60,10.39,US Dollar,10.39,US Dollar,Reinvestment,0
2022/09/01 00:25,8483,804423CB0,222107,81DD7DD70,38.01,US Dollar,38.01,US Dollar,Credit Card,0
2022/09/01 00:15,110749,804426A50,110749,804426A50,18.38,US Dollar,18.38,US Dollar,Reinvestment,0
2022/09/01 00:05,3761,804426AA0,167996,841587A00,250.57,US Dollar,250.57,US Dollar,Credit Card,0
2022/09/01 00:12,35995,8044D3E10,35995,8044D3E10,5594.71,US Dollar,5594.71,US Dollar,Reinvestment,0
2022/09/01 00:10,311881,80450B280,311881,80450B280,27052.16,US Dollar,27052.16,US Dollar,Reinvestment,0
2022/09/01 00:15,311882,80450B400,24842,8046481A0,11362.72,US Dollar,11362.72,US Dollar,ACH,0
2022/09/01 00:27,36003,80450C0E0,36003,80450C0E0,2679.12,US Dollar,2679.12,US Dollar,Reinvestment,0
2022/09/01 00:14,24842,8046481A0,24842,8046481A0,1631.52,US Dollar,1631.52,US Dollar,Reinvestment,0
2022/09/01 00:15,312111,804649970,312111,804649970,67.47,US Dollar,67.47,US Dollar,Reinvestment,0
2022/09/01 00:06,7720,80442C0C0,15325,804649F50,380824.0,US Dollar,380824.0,US Dollar,ACH,0
2022/09/01 00:07,312233,80470FB90,29655,80471A460,4547.35,US Dollar,4547.35,US Dollar,Cheque,0
2022/09/01 00:25,17364,804649B40,19737,804710500,1070.0,US Dollar,1070.0,US Dollar,ACH,0
2022/09/01 00:07,29655,80471A460,29655,80471A460,1555.45,US Dollar,1555.45,US Dollar,Reinvestment,0
2022/09/01 00:22,16811,8047DF430,16811,8047DF430,708.82,US Dollar,708.82,US Dollar,Reinvestment,0
2022/09/01 00:28,29574,80442C110,741,8047DF480,308.0,US Dollar,308.0,US Dollar,Cheque,0
2022/09/01 00:25,8456,8047E2530,8456,8047E2530,8387.17,US Dollar,8387.17,US Dollar,Reinvestment,0
2022/09/01 00:29,8996,8047E3150,8996,8047E3150,2690.01,US Dollar,2690.01,US Dollar,Reinvestment,0
2022/09/01 00:07,29574,80442C110,28348,8047E37D0,10251.0,US Dollar,10251.0,US Dollar,ACH,0
2022/09/01 00:13,8917,8047E3BC0,8917,8047E3BC0,10066.17,US Dollar,10066.17,US Dollar,Reinvestment,0
2022/09/01 00:20,24457,80449F4D0,15379,82A48F7B0,22.22,US Dollar,22.22,US Dollar,Credit Card,0
2022/09/01 00:03,4563,80449F520,29817,82BEC7010,72.74,US Dollar,72.74,US Dollar,Credit Card,0
2022/09/01 00:23,1315,80450A330,1315,80450A330,20.25,US Dollar,20.25,US Dollar,Reinvestment,0
2022/09/01 00:15,111667,80450B210,2597,802588380,61.57,US Dollar,61.57,US Dollar,Credit Card,0
2022/09/01 00:22,19596,804648060,270495,82A48F710,493.2,US Dollar,493.2,US Dollar,Credit Card,0
2022/09/01 00:21,11,8046480B0,11,8046480B0,10.48,US Dollar,10.48,US Dollar,Reinvestment,0
2022/09/01 00:15,11,804649AF0,2597,802588380,20.83,US Dollar,20.83,US Dollar,Credit Card,0
2022/09/01 00:05,15325,804649F50,107298,82D806920,9.81,US Dollar,9.81,US Dollar,Credit Card,0
2022/09/01 00:09,19737,804710500,270495,82A48F710,3.55,US Dollar,3.55,US Dollar,Credit Card,0
2022/09/01 00:14,741,8047DF480,270495,82A48F710,9.06,US Dollar,9.06,US Dollar,Credit Card,0
2022/09/01 00:00,8456,8047E2530,8456,8047E2530,23.21,US Dollar,23.21,US Dollar,Reinvestment,0
2022/09/01 00:16,8996,8047E3150,8996,8047E3150,22.46,US Dollar,22.46,US Dollar,Reinvestment,0
2022/09/01 00:08,28348,8047E37D0,29817,82BEC7010,21.36,US Dollar,21.36,US Dollar,Credit Card,0
2022/09/01 00:28,1208,8047E5990,1208,8047E5990,16295937.26,US Dollar,16295937.26,US Dollar,Reinvestment,0
2022/09/01 00:15,0,8047E6770,0,8047E6770,3893.18,US Dollar,3893.18,US Dollar,Reinvestment,0
2022/09/01 00:07,17976,8047E6C20,17976,8047E6C20,2013.18,US Dollar,2013.18,US Dollar,Reinvestment,0
2022/09/01 00:26,312393,8047E6C70,0,8047E6770,2647.24,US Dollar,2647.24,US Dollar,ACH,0
2022/09/01 00:02,312394,8047E75A0,312394,8047E75A0,1266.54,US Dollar,1266.54,US Dollar,Reinvestment,0
2022/09/01 00:11,11796,8047E7AC0,11796,8047E7AC0,788.41,US Dollar,788.41,US Dollar,Reinvestment,0
2022/09/01 00:18,1922,804A7A740,1922,804A7A740,418998.41,US Dollar,418998.41,US Dollar,Reinvestment,0
2022/09/01 00:05,111667,804AAEAE0,9340,804A81D20,428436.68,US Dollar,428436.68,US Dollar,Cheque,0
2022/09/01 00:24,312834,804A81D70,312834,804A81D70,48314.29,US Dollar,48314.29,US Dollar,Reinvestment,0
2022/09/01 00:04,36923,804A839A0,36923,804A839A0,2114.15,US Dollar,2114.15,US Dollar,Reinvestment,0
2022/09/01 00:18,13146,804E554E0,13146,804E554E0,57198.51,US Dollar,57198.51,US Dollar,Reinvestment,0
2022/09/01 00:06,29630,804EC2910,29630,804EC2910,2294.05,US Dollar,2294.05,US Dollar,Reinvestment,0
2022/09/01 00:14,8381,804EC28C0,10542,804EC2F30,1060843.34,US Dollar,1060843.34,US Dollar,ACH,0
2022/09/01 00:15,18112,8047E67C0,29655,8112D33C0,47.6,US Dollar,47.6,US Dollar,Credit Card,0
2022/09/01 00:20,0,804A7A6F0,124877,848019F00,290.1,US Dollar,290.1,US Dollar,Credit Card,0
2022/09/01 00:11,8456,804A7A880,29655,8112D33C0,89.5,US Dollar,89.5,US Dollar,Credit Card,0
2022/09/01 00:10,9340,804A81D20,279562,826DD7280,28.61,US Dollar,28.61,US Dollar,Credit Card,0
2022/09/01 00:14,111667,804AAEAE0,111667,804AAEAE0,17.77,US Dollar,17.77,US Dollar,Reinvestment,0
2022/09/01 00:03,110528,804E0CB60,124877,848019F00,10.76,US Dollar,10.76,US Dollar,Credit Card,0
2022/09/01 00:04,25642,804EC2870,15598,81A5D4B40,175.45,US Dollar,175.45,US Dollar,Credit Card,0
2022/09/01 00:08,29630,804EC2910,29630,804EC2910,4.03,US Dollar,4.03,US Dollar,Reinvestment,0
2022/09/01 00:04,5991,804EC29B0,29655,8112D33C0,8.38,US Dollar,8.38,US Dollar,Credit Card,0
2022/09/01 00:23,18170,804EC2A50,29655,8112D33C0,7.57,US Dollar,7.57,US Dollar,Credit Card,0
2022/09/01 00:12,10057,804EC2AA0,29655,8112D33C0,117.42,US Dollar,117.42,US Dollar,Credit Card,0
2022/09/01 00:04,10542,804EC2F30,11,801D00530,22.97,US Dollar,22.97,US Dollar,Credit Card,0
2022/09/01 00:07,8381,804EC7BF0,8381,804EC7BF0,8873.97,US Dollar,8873.97,US Dollar,Reinvestment,0
2022/09/01 00:11,5655,804FF24C0,15594,804EC7C90,15525.0,US Dollar,15525.0,US Dollar,Cheque,0
2022/09/01 00:02,28474,804EC7CE0,28474,804EC7CE0,71.06,US Dollar,71.06,US Dollar,Reinvestment,0
2022/09/01 00:01,110749,804FC7570,110749,804FC7570,1149.28,US Dollar,1149.28,US Dollar,Reinvestment,0
2022/09/01 00:06,29977,804FF23D0,29977,804FF23D0,657.06,US Dollar,657.06,US Dollar,Reinvestment,0
2022/09/01 00:18,210658,805065680,4011,805050C50,2660608.41,US Dollar,2660608.41,US Dollar,Cheque,0
2022/09/01 00:27,13843,80506D250,13843,80506D250,738.66,US Dollar,738.66,US Dollar,Reinvestment,0
2022/09/01 00:13,212490,80506D2A0,212490,80506D2A0,6384.09,US Dollar,6384.09,US Dollar,Reinvestment,0
2022/09/01 00:14,1488,80506EA80,1488,80506EA80,9681.35,US Dollar,9681.35,US Dollar,Reinvestment,0
2022/09/01 00:10,110200,804EC7B70,217678,81156C2E0,65.01,US Dollar,65.01,US Dollar,Credit Card,0
2022/09/01 00:12,8381,804EC7BF0,8381,804EC7BF0,12.66,US Dollar,12.66,US Dollar,Reinvestment,0
2022/09/01 00:29,15594,804EC7C90,24689,801D8B020,27.18,US Dollar,27.18,US Dollar,Credit Card,0
2022/09/01 00:15,110749,804FC7570,110749,804FC7570,15.27,US Dollar,15.27,US Dollar,Reinvestment,0
2022/09/01 00:10,211767,804FCB100,235985,83E0D4EC0,10.77,US Dollar,10.77,US Dollar,Credit Card,0
2022/09/01 00:29,13514,804FF2360,37910,8126AA450,68.15,US Dollar,68.15,US Dollar,Credit Card,0
2022/09/01 00:21,4011,805050C50,3902,80463E260,15.25,US Dollar,15.25,US Dollar,Credit Card,0
2022/09/01 00:01,29655,8050513F0,32439,81080A050,16.99,US Dollar,16.99,US Dollar,Credit Card,0
2022/09/01 00:04,13146,8050352F0,13146,8050352F0,14340474.1,US Dollar,14340474.1,US Dollar,Reinvestment,0
2022/09/01 00:15,310836,8052F5630,310836,8052F5630,5588.65,US Dollar,5588.65,US Dollar,Reinvestment,0
2022/09/01 00:04,1315,80560F1D0,112136,8052F5850,55655.9,US Dollar,55655.9,US Dollar,ACH,0
2022/09/01 00:28,212191,805610110,12351,8052F99B0,122355.0,US Dollar,122355.0,US Dollar,Cheque,0
2022/09/01 00:26,18453,8052FBC00,18453,8052FBC00,1898.52,US Dollar,1898.52,US Dollar,Reinvestment,0
2022/09/01 00:13,1315,80560F1D0,1315,80560F1D0,6086.61,US Dollar,6086.61,US Dollar,Reinvestment,0
2022/09/01 00:24,13146,8050352F0,13146,8050352F0,20.41,US Dollar,20.41,US Dollar,Reinvestment,0
2022/09/01 00:09,16315,8052F4C60,16315,8052F4C60,5.36,US Dollar,5.36,US Dollar,Reinvestment,0
2022/09/01 00:05,112136,8052F5850,21418,802FA5830,22.87,US Dollar,22.87,US Dollar,Credit Card,0
2022/09/01 00:11,11,8052F6A40,111632,8122C6990,175.65,US Dollar,175.65,US Dollar,Credit Card,0
2022/09/01 00:06,112136,8052F74A0,112136,8052F74A0,9.31,US Dollar,9.31,US Dollar,Reinvestment,0
2022/09/01 00:00,12351,8052F99B0,5610,803D16190,43.16,US Dollar,43.16,US Dollar,Credit Card,0
2022/09/01 00:15,0,8052FB7A0,21418,802FA5830,289.96,US Dollar,289.96,US Dollar,Credit Card,0
2022/09/01 00:21,24842,805614560,24842,805614560,1929.9,US Dollar,1929.9,US Dollar,Reinvestment,0
2022/09/01 00:23,25932,8056145B0,25932,8056145B0,797.12,US Dollar,797.12,US Dollar,Reinvestment,0
2022/09/01 00:06,28474,805ACF300,28474,805ACF300,4.27,US Dollar,4.27,US Dollar,Reinvestment,0
2022/09/01 00:08,28348,805ACF350,28348,805ACF350,21.78,US Dollar,21.78,US Dollar,Reinvestment,0
2022/09/01 00:01,23435,805ACF3A0,28781,816FEBD70,6.66,US Dollar,6.66,US Dollar,Credit Card,0
2022/09/01 00:13,14992,805ACF3F0,213595,843A39440,3.97,US Dollar,3.97,US Dollar,Credit Card,0
2022/09/01 00:03,13347,805ACF440,13347,805ACF440,12.91,US Dollar,12.91,US Dollar,Reinvestment,0
2022/09/01 00:03,0,8000474C0,0,8000474C0,11.21,US Dollar,11.21,US Dollar,Reinvestment,0
2022/09/01 00:16,0,800047930,0,800047930,169390.13,US Dollar,169390.13,US Dollar,Reinvestment,0
2022/09/01 00:02,20,80006DDA0,20,80006DDA0,1064597.11,US Dollar,1064597.11,US Dollar,Reinvestment,0
2022/09/01 00:00,0,80006DFE0,0,80006DFE0,19.18,US Dollar,19.18,US Dollar,Reinvestment,0
2022/09/01 00:12,0,80006C140,0,80006C140,23.48,US Dollar,23.48,US Dollar,Reinvestment,0
2022/09/01 00:27,20,80006E620,20,80006E620,163068.64,US Dollar,163068.64,US Dollar,Reinvestment,0
2022/09/01 00:10,20,80006EE60,20,80006EE60,6.42,US Dollar,6.42,US Dollar,Reinvestment,0
2022/09/01 00:20,20,80006F6A0,20,80006F6A0,982289.26,US Dollar,982289.26,US Dollar,Reinvestment,0
2022/09/01 00:13,20,80006F6A0,20,80006F6A0,11.24,US Dollar,11.24,US Dollar,Reinvestment,0
2022/09/01 00:20,11,80006FD60,11,80006FD60,104583.9,US Dollar,104583.9,US Dollar,Reinvestment,0
2022/09/01 00:19,20,8000703B0,20,8000703B0,167.41,US Dollar,167.41,US Dollar,Cheque,0
2022/09/01 00:14,20,8000703B0,20,8000703B0,401.34,US Dollar,401.34,US Dollar,Cash,0
2022/09/01 00:03,20,800070770,20,800070770,205634.52,US Dollar,205634.52,US Dollar,Reinvestment,0
2022/09/01 00:14,20,800070AC0,20,800070AC0,87647.49,US Dollar,87647.49,US Dollar,Reinvestment,0
2022/09/01 00:03,70,100428660,20,800070AC0,5105.92,US Dollar,5105.92,US Dollar,Cheque,0
2022/09/01 00:06,11,800070E40,11,800070E40,468351.35,US Dollar,468351.35,US Dollar,Reinvestment,0
2022/09/01 00:22,11,8000711E0,11,8000711E0,1135598.87,US Dollar,1135598.87,US Dollar,Reinvestment,0
2022/09/01 00:22,20,80006E2D0,20,80006E2D0,8.96,US Dollar,8.96,US Dollar,Reinvestment,0
2022/09/01 00:01,0,8000719B0,0,8000719B0,17817.54,US Dollar,17817.54,US Dollar,Reinvestment,0
2022/09/01 00:24,0,800071D50,0,800071D50,18.48,US Dollar,18.48,US Dollar,Reinvestment,0
2022/09/01 00:06,11,800072260,11,800072260,24.37,US Dollar,24.37,US Dollar,Reinvestment,0
2022/09/01 00:07,0,800072650,0,800072650,1048472.01,US Dollar,1048472.01,US Dollar,Reinvestment,0
2022/09/01 00:19,0,800072CD0,0,800072CD0,7100.75,US Dollar,7100.75,US Dollar,Reinvestment,0
2022/09/01 00:11,20,80006F650,20,80006F650,5.65,US Dollar,5.65,US Dollar,Reinvestment,0
2022/09/01 00:12,0,800073470,0,800073470,23.06,US Dollar,23.06,US Dollar,Reinvestment,0
2022/09/01 00:07,20,800073D00,20,800073D00,10.32,US Dollar,10.32,US Dollar,Reinvestment,0
2022/09/01 00:11,0,800073EF0,0,800073EF0,22.13,US Dollar,22.13,US Dollar,Reinvestment,0
2022/09/01 00:05,11,800074100,11,800074100,416110.6,US Dollar,416110.6,US Dollar,Reinvestment,0
2022/09/01 00:13,0,800074710,0,800074710,84564.74,US Dollar,84564.74,US Dollar,Reinvestment,0
2022/09/01 00:21,11,800075790,11,800075790,109268.41,US Dollar,109268.41,US Dollar,Reinvestment,0
2022/09/01 00:10,0,800075A10,0,800075A10,4674040.07,US Dollar,4674040.07,US Dollar,Reinvestment,0
2022/09/01 00:08,0,800076160,0,800076160,2170909.63,US Dollar,2170909.63,US Dollar,Reinvestment,0
2022/09/01 00:24,11,8000764B0,11,8000764B0,74481.06,US Dollar,74481.06,US Dollar,Reinvestment,0
2022/09/01 00:18,11,800076A80,11,800076A80,8.84,US Dollar,8.84,US Dollar,Reinvestment,0
2022/09/01 00:26,20,8000777B0,20,8000777B0,8226589.93,US Dollar,8226589.93,US Dollar,Reinvestment,0
2022/09/01 00:29,0,800077B00,0,800077B00,14181689.79,US Dollar,14181689.79,US Dollar,Reinvestment,0
2022/09/01 00:12,0,800105DB0,0,800105DB0,22.68,US Dollar,22.68,US Dollar,Reinvestment,0
2022/09/01 00:18,11,800105610,11,800105610,5174.24,US Dollar,5174.24,US Dollar,Reinvestment,0
2022/09/01 00:18,20,800105230,20,800105230,12.62,US Dollar,12.62,US Dollar,Reinvestment,0
2022/09/01 00:28,20,800105280,214285,837615AB0,48.58,US Dollar,48.58,US Dollar,Credit Card,0
2022/09/01 00:27,0,800104F90,0,800104F90,614545.68,US Dollar,614545.68,US Dollar,Reinvestment,0
2022/09/01 00:12,0,800104FE0,0,800104FE0,2548.75,US Dollar,2548.75,US Dollar,Reinvestment,0
2022/09/01 00:11,20,8001065A0,20,8001065A0,7.25,US Dollar,7.25,US Dollar,Reinvestment,0
2022/09/01 00:16,20,800106EE0,20,800106EE0,105352.58,US Dollar,105352.58,US Dollar,Reinvestment,0
2022/09/01 00:06,20,80006E620,0,800110520,369.13,US Dollar,369.13,US Dollar,Cheque,0
2022/09/01 00:27,20,80006E620,0,800110520,43.69,US Dollar,43.69,US Dollar,Credit Card,0
2022/09/01 00:10,1208,800116130,1208,800116130,3263.75,US Dollar,3263.75,US Dollar,Reinvestment,0
2022/09/01 00:04,11,800115E20,11,800115E20,19.73,US Dollar,19.73,US Dollar,Reinvestment,0
2022/09/01 00:21,0,800116090,0,800116090,23.39,US Dollar,23.39,US Dollar,Reinvestment,0
2022/09/01 00:22,0,800072CD0,0,800117F00,7877.56,US Dollar,7877.56,US Dollar,Cheque,0
2022/09/01 00:01,0,800072CD0,0,800117F00,194.79,US Dollar,194.79,US Dollar,ACH,0
2022/09/01 00:02,0,800117F00,0,800117F00,5.53,US Dollar,5.53,US Dollar,Reinvestment,0
2022/09/01 00:16,0,800118920,0,800118920,3247.73,US Dollar,3247.73,US Dollar,Reinvestment,0
2022/09/01 00:04,0,800118920,1208,8001188D0,20327.04,US Dollar,20327.04,US Dollar,Cheque,0
2022/09/01 00:09,0,800118920,1208,8001188D0,5413.52,US Dollar,5413.52,US Dollar,Cash,0
2022/09/01 00:12,0,800118920,1208,8001188D0,4228.57,US Dollar,4228.57,US Dollar,Wire,0
2022/09/01 00:28,20,80006EE60,0,800119610,39069.15,US Dollar,39069.15,US Dollar,Cheque,0
2022/09/01 00:12,20,80006EE60,0,800119610,14034.43,US Dollar,14034.43,US Dollar,Credit Card,0
2022/09/01 00:04,20,80006EE60,0,800119610,67628.53,US Dollar,67628.53,US Dollar,ACH,0
2022/09/01 00:12,20,80006EE60,0,800119610,29882.65,US Dollar,29882.65,US Dollar,Wire,0
2022/09/01 00:19,70,100428660,11,80011A830,1134.48,US Dollar,1134.48,US Dollar,Cheque,0
2022/09/01 00:12,70,100428660,11,80011A830,4145.21,US Dollar,4145.21,US Dollar,Cash,0
2022/09/01 00:25,0,80011AB50,0,80011AB50,181949.65,US Dollar,181949.65,US Dollar,Reinvestment,0
2022/09/01 00:19,0,80011B1C0,0,80011B1C0,502530.4,US Dollar,502530.4,US Dollar,Reinvestment,0
2022/09/01 00:27,20,80011A5F0,20,80011A5F0,11824.7,US Dollar,11824.7,US Dollar,Reinvestment,0
2022/09/01 00:24,11,80011B410,11,80011B410,7662.97,US Dollar,7662.97,US Dollar,Reinvestment,0
2022/09/01 00:10,20,800119E40,20,800119E40,9.74,US Dollar,9.74,US Dollar,Reinvestment,0
2022/09/01 00:12,11,80011B410,11,80011B410,19.83,US Dollar,19.83,US Dollar,Reinvestment,0
2022/09/01 00:02,20,80011C4B0,20,80011C4B0,92470.11,US Dollar,92470.11,US Dollar,Reinvestment,0
2022/09/01 00:08,20,80006DDA0,20,80011C4B0,2242.14,US Dollar,2242.14,US Dollar,Cheque,0
2022/09/01 00:14,20,80006DDA0,20,80011C4B0,868.27,US Dollar,868.27,US Dollar,Credit Card,0
2022/09/01 00:07,0,80011C8C0,0,80011C8C0,24.69,US Dollar,24.69,US Dollar,Reinvestment,0
2022/09/01 00:29,214,80011CC70,214,80011CC70,7299.45,US Dollar,7299.45,US Dollar,Reinvestment,0
2022/09/01 00:15,0,80011D200,0,80011D200,271.73,US Dollar,271.73,US Dollar,Reinvestment,0
2022/09/01 00:01,3213,80011D820,3213,80011D820,5272.41,US Dollar,5272.41,US Dollar,Reinvestment,0
2022/09/01 00:26,0,80010E900,1208,80011CC20,4220.87,US Dollar,4220.87,US Dollar,Cheque,0
2022/09/01 00:00,0,80010E900,1208,80011CC20,1199.83,US Dollar,1199.83,US Dollar,Cash,0
2022/09/01 00:17,11,80011D5D0,1208,80011BFD0,579762.84,US Dollar,579762.84,US Dollar,Cheque,0
2022/09/01 00:07,11,80011D5D0,1208,80011BFD0,11008.14,US Dollar,11008.14,US Dollar,Credit Card,0
2022/09/01 00:07,0,800117D10,0,800117D10,14.15,US Dollar,14.15,US Dollar,Reinvestment,0
2022/09/01 00:29,214,80011D160,214,80011D160,24.93,US Dollar,24.93,US Dollar,Reinvestment,0
2022/09/01 00:12,0,80011D960,7061,8052308D0,149.77,US Dollar,149.77,US Dollar,Credit Card,0
2022/09/01 00:25,20,800126870,20,800126870,20.38,US Dollar,20.38,US Dollar,Reinvestment,0
2022/09/01 00:02,0,80012A3B0,0,80012A3B0,20641.77,US Dollar,20641.77,US Dollar,Reinvestment,0
2022/09/01 00:01,20,800140D10,20,800140D10,2360.46,US Dollar,2360.46,US Dollar,Reinvestment,0
2022/09/01 00:02,70,100428660,0,800140C20,135590.25,US Dollar,135590.25,US Dollar,Cheque,0
2022/09/01 00:12,1208,800140820,1208,800140820,3732981.37,US Dollar,3732981.37,US Dollar,Reinvestment,0
2022/09/01 00:12,0,8001405B0,0,8001405B0,18.27,US Dollar,18.27,US Dollar,Reinvestment,0
2022/09/01 00:11,0,800145020,0,800145020,2007945.38,US Dollar,2007945.38,US Dollar,Reinvestment,0
2022/09/01 00:26,20,800147D90,20,800147D90,5736.77,US Dollar,5736.77,US Dollar,Reinvestment,0
2022/09/01 00:08,3202,800147DE0,3202,800147DE0,4315.85,US Dollar,4315.85,US Dollar,Reinvestment,0
2022/09/01 00:15,0,800148380,0,800148380,22.3,US Dollar,22.3,US Dollar,Reinvestment,0
2022/09/01 00:08,214,800148960,214,800148960,57687.92,US Dollar,57687.92,US Dollar,Reinvestment,0
2022/09/01 00:21,214,800148960,214,800148960,8.71,US Dollar,8.71,US Dollar,Reinvestment,0
2022/09/01 00:08,20,800147A60,20,800147A60,1939191.67,US Dollar,1939191.67,US Dollar,Reinvestment,0
2022/09/01 00:15,20,800147A60,20,800147A60,5.0,US Dollar,5.0,US Dollar,Reinvestment,0
2022/09/01 00:15,214,800147B50,214,800147B50,24.24,US Dollar,24.24,US Dollar,Reinvestment,0
2022/09/01 00:07,214,80014B460,214,80014B460,40392.41,US Dollar,40392.41,US Dollar,Reinvestment,0
2022/09/01 00:08,11,80014B220,11,80014B220,356462.28,US Dollar,356462.28,US Dollar,Reinvestment,0
2022/09/01 00:29,70,100428660,11,80014B220,43238.58,US Dollar,43238.58,US Dollar,Cheque,0
2022/09/01 00:08,70,100428660,11,80014B220,5235.49,US Dollar,5235.49,US Dollar,Credit Card,0
2022/09/01 00:00,70,100428660,11,80014B220,112287.26,US Dollar,112287.26,US Dollar,Cash,0
2022/09/01 00:01,3204,80014B8B0,3204,80014B8B0,483.62,US Dollar,483.62,US Dollar,Reinvestment,0
2022/09/01 00:07,11,800075DD0,11,800075DD0,22.86,US Dollar,22.86,US Dollar,Reinvestment,0
2022/09/01 00:11,11,80015C450,11,80015C450,5.37,US Dollar,5.37,US Dollar,Reinvestment,0
2022/09/01 00:09,0,80017B800,0,80017B800,1814745.1,US Dollar,1814745.1,US Dollar,Reinvestment,0
2022/09/01 00:01,11,80017B940,11,80017B940,1356.4,US Dollar,1356.4,US Dollar,Reinvestment,0
2022/09/01 00:21,3257,80017B9E0,3257,80017B9E0,10887.87,US Dollar,10887.87,US Dollar,Reinvestment,0
2022/09/01 00:01,3257,80017BAD0,3257,80017BAD0,8301.74,US Dollar,8301.74,US Dollar,Reinvestment,0
2022/09/01 00:21,20,80017BB70,20,80017BB70,334.1,US Dollar,334.1,US Dollar,Reinvestment,0
2022/09/01 00:23,214,80017BF30,214,80017BF30,1826.89,US Dollar,1826.89,US Dollar,Reinvestment,0
2022/09/01 00:22,11,80017C020,11,80017C020,196.2,US Dollar,196.2,US Dollar,Reinvestment,0
2022/09/01 00:14,1208,80017C1F0,1208,80017C1F0,2457.56,US Dollar,2457.56,US Dollar,Reinvestment,0
2022/09/01 00:05,11,80017B940,11,80017B940,18.78,US Dollar,18.78,US Dollar,Reinvestment,0
2022/09/01 00:09,20,80017BB70,20,80017BB70,12.75,US Dollar,12.75,US Dollar,Reinvestment,0
2022/09/01 00:24,3257,80017AE10,3257,80017AE10,6164.22,US Dollar,6164.22,US Dollar,Reinvestment,0
2022/09/01 00:24,3196,80017B090,3196,80017B090,981.68,US Dollar,981.68,US Dollar,Reinvestment,0
2022/09/01 00:08,1208,80017B0E0,1208,80017B0E0,7522.69,US Dollar,7522.69,US Dollar,Reinvestment,0
2022/09/01 00:28,0,80017B220,0,80017B220,6093.78,US Dollar,6093.78,US Dollar,Reinvestment,0
2022/09/01 00:17,20,80017B270,20,80017B270,3282.67,US Dollar,3282.67,US Dollar,Reinvestment,0
2022/09/01 00:29,20,800074E90,20,800074E90,14.75,US Dollar,14.75,US Dollar,Reinvestment,0
2022/09/01 00:15,20,80018BD20,20,80018BD20,341267.13,US Dollar,341267.13,US Dollar,Reinvestment,0
2022/09/01 00:04,214,80018BFC0,214,80018BFC0,224917.6,US Dollar,224917.6,US Dollar,Reinvestment,0
2022/09/01 00:03,3260,80018C8E0,20,80018C9D0,13273.72,US Dollar,13273.72,US Dollar,ACH,0
2022/09/01 00:04,2310,800190EB0,2310,800190EB0,26295.04,US Dollar,26295.04,US Dollar,Reinvestment,0
2022/09/01 00:24,11,8001916D0,11,8001916D0,910805.85,US Dollar,910805.85,US Dollar,Reinvestment,0
2022/09/01 00:12,3213,800195290,3213,800195290,14573.51,US Dollar,14573.51,US Dollar,Reinvestment,0
2022/09/01 00:17,11,800194AF0,11,800194AF0,300.61,US Dollar,300.61,US Dollar,Reinvestment,0
2022/09/01 00:03,214,800195B00,214,800195B00,2655.95,US Dollar,2655.95,US Dollar,Reinvestment,0
2022/09/01 00:12,3305,800195C40,11,800194AF0,298.83,US Dollar,298.83,US Dollar,ACH,0
2022/09/01 00:29,11,800194A50,227535,84A983250,25.14,US Dollar,25.14,US Dollar,Credit Card,0
2022/09/01 00:14,11,800194AF0,11,800194AF0,10.2,US Dollar,10.2,US Dollar,Reinvestment,0
2022/09/01 00:03,214,800195B00,214,800195B00,9.59,US Dollar,9.59,US Dollar,Reinvestment,0
2022/09/01 00:09,11,800195C90,11848,80A0D5380,11.74,US Dollar,11.74,US Dollar,Credit Card,0
2022/09/01 00:06,11,8001916D0,1208,800196F00,99.38,US Dollar,99.38,US Dollar,Cheque,0
2022/09/01 00:17,11,8001916D0,1208,800196F00,774.24,US Dollar,774.24,US Dollar,Credit Card,0
2022/09/01 00:14,0,800197450,0,800197450,100007.13,US Dollar,100007.13,US Dollar,Reinvestment,0
2022/09/01 00:10,11,80011A830,20,8001977F0,3934.53,US Dollar,3934.53,US Dollar,Cheque,0
2022/09/01 00:14,11,80011A830,20,8001977F0,2856.81,US Dollar,2856.81,US Dollar,Credit Card,0
2022/09/01 00:13,3196,8001910B0,3196,8001910B0,9252.37,US Dollar,9252.37,US Dollar,Reinvestment,0
2022/09/01 00:26,3260,8001912E0,3260,8001912E0,1099.04,US Dollar,1099.04,US Dollar,Reinvestment,0
2022/09/01 00:28,20,800193E70,11,800191380,4669328.0,US Dollar,4669328.0,US Dollar,Cheque,0
2022/09/01 00:09,3204,800191490,3204,800191490,498.9,US Dollar,498.9,US Dollar,Reinvestment,0
2022/09/01 00:14,0,800191BB0,0,800191BB0,25077.96,US Dollar,25077.96,US Dollar,Reinvestment,0
2022/09/01 00:26,214,800191FB0,214,800191FB0,161.47,US Dollar,161.47,US Dollar,Reinvestment,0
2022/09/01 00:16,2310,800192050,2310,800192050,10396.57,US Dollar,10396.57,US Dollar,Reinvestment,0
2022/09/01 00:05,0,800193030,0,800193030,356.18,US Dollar,356.18,US Dollar,Reinvestment,0
2022/09/01 00:00,20,800193170,20,800193170,1104.8,US Dollar,1104.8,US Dollar,Reinvestment,0
2022/09/01 00:22,20,800193930,20,800193930,44061.94,US Dollar,44061.94,US Dollar,Reinvestment,0
2022/09/01 00:07,20,800193A20,20,800193A20,16315.79,US Dollar,16315.79,US Dollar,Reinvestment,0
2022/09/01 00:12,3305,800193A70,3305,800193A70,951.94,US Dollar,951.94,US Dollar,Reinvestment,0
2022/09/01 00:22,0,800193E20,0,800193E20,4372929.78,US Dollar,4372929.78,US Dollar,Reinvestment,0
2022/09/01 00:12,0,800194050,0,800194050,101.76,US Dollar,101.76,US Dollar,Reinvestment,0
2022/09/01 00:06,20,800194190,20,800194190,19835.11,US Dollar,19835.11,US Dollar,Reinvestment,0
2022/09/01 00:28,0,800190B80,20,8001967B0,5349014.0,US Dollar,5349014.0,US Dollar,Cheque,0
2022/09/01 00:13,2310,8001979C0,2310,8001979C0,7098.83,US Dollar,7098.83,US Dollar,Reinvestment,0
2022/09/01 00:16,20,800198390,20,800198390,504.93,US Dollar,504.93,US Dollar,Reinvestment,0
2022/09/01 00:15,11,80006E8A0,214,800191FB0,4041.29,US Dollar,4041.29,US Dollar,Cheque,0
2022/09/01 00:12,11,80006E8A0,214,800191FB0,2599.32,US Dollar,2599.32,US Dollar,Credit Card,0
2022/09/01 00:05,0,800190C20,0,800190C20,12.87,US Dollar,12.87,US Dollar,Reinvestment,0
2022/09/01 00:09,11,800191380,243187,82A421910,108.38,US Dollar,108.38,US Dollar,Credit Card,0
2022/09/01 00:25,20,800191DD0,2192659,84E53AA50,19.59,US Dollar,19.59,US Dollar,Credit Card,0
2022/09/01 00:19,2310,800192050,2310,800192050,13.38,US Dollar,13.38,US Dollar,Reinvestment,0
2022/09/01 00:15,0,800193030,0,800193030,19.59,US Dollar,19.59,US Dollar,Reinvestment,0
2022/09/01 00:16,20,800193170,20,800193170,21.39,US Dollar,21.39,US Dollar,Reinvestment,0
2022/09/01 00:24,20,8001933A0,20,8001933A0,9.07,US Dollar,9.07,US Dollar,Reinvestment,0
2022/09/01 00:03,0,800193E20,0,800193E20,15.79,US Dollar,15.79,US Dollar,Reinvestment,0
2022/09/01 00:13,20,8001967B0,37293,833B26720,2.36,US Dollar,2.36,US Dollar,Credit Card,0
2022/09/01 00:23,20,800198390,20,800198390,16.53,US Dollar,16.53,US Dollar,Reinvestment,0
2022/09/01 00:01,11,80019AD90,11,80019AD90,878037.74,US Dollar,878037.74,US Dollar,Reinvestment,0
2022/09/01 00:27,0,80011AB50,11,80019AD90,19372.44,US Dollar,19372.44,US Dollar,Cheque,0
2022/09/01 00:22,0,80011AB50,11,80019AD90,8569.44,US Dollar,8569.44,US Dollar,Credit Card,0
2022/09/01 00:16,0,80011AB50,11,80019AD90,1027.12,US Dollar,1027.12,US Dollar,Cash,0
2022/09/01 00:25,20,800190080,20,800190080,452.67,US Dollar,452.67,US Dollar,Reinvestment,0
2022/09/01 00:26,11,80019B7E0,11,80019B7E0,260879.68,US Dollar,260879.68,US Dollar,Reinvestment,0
2022/09/01 00:28,11,8001B0620,11,8001B0620,10.4,US Dollar,10.4,US Dollar,Reinvestment,0
2022/09/01 00:14,214,8001C9410,214,8001C9410,1608.27,US Dollar,1608.27,US Dollar,Reinvestment,0
2022/09/01 00:08,0,8001C9630,0,8001C9630,2046.35,US Dollar,2046.35,US Dollar,Reinvestment,0
2022/09/01 00:03,2310,8001CEE90,2310,8001CEE90,12996548.01,US Dollar,12996548.01,US Dollar,Reinvestment,0
2022/09/01 00:21,1208,8001CF800,1208,8001CF800,6.2,US Dollar,6.2,US Dollar,Reinvestment,0
2022/09/01 00:26,3218,8001CF310,3218,8001CF310,48256.05,US Dollar,48256.05,US Dollar,Reinvestment,0
2022/09/01 00:06,214,8001D3130,214,8001D3130,994317.1,US Dollar,994317.1,US Dollar,Reinvestment,0
2022/09/01 00:12,2310,8001D37A0,2310,8001D37A0,35089.5,US Dollar,35089.5,US Dollar,Reinvestment,0
2022/09/01 00:06,11,8001D3CF0,11,8001D3CF0,177892.53,US Dollar,177892.53,US Dollar,Reinvestment,0
2022/09/01 00:12,0,80012A3B0,20,8001D4830,4216.45,US Dollar,4216.45,US Dollar,Cheque,0
2022/09/01 00:19,0,80012A3B0,20,8001D4830,986.96,US Dollar,986.96,US Dollar,Credit Card,0
2022/09/01 00:19,1208,8001D4CD0,1208,8001D4CD0,62840.57,US Dollar,62840.57,US Dollar,Reinvestment,0
2022/09/01 00:22,11,800194A50,1208,8001D4CD0,44403.74,US Dollar,44403.74,US Dollar,Cheque,0
2022/09/01 00:25,1208,8001D4CD0,1208,8001D4CD0,15.87,US Dollar,15.87,US Dollar,Reinvestment,0
2022/09/01 00:25,0,800117F00,0,8001D5830,32541.6,US Dollar,32541.6,US Dollar,Cheque,0
2022/09/01 00:16,0,800117F00,0,8001D5830,21785.13,US Dollar,21785.13,US Dollar,Credit Card,0
2022/09/01 00:23,0,800117F00,0,8001D5830,6563.66,US Dollar,6563.66,US Dollar,ACH,0
2022/09/01 00:03,0,800117F00,0,8001D5830,17702.63,US Dollar,17702.63,US Dollar,Wire,0
2022/09/01 00:25,214,80014B410,214,80014B410,492012.83,US Dollar,492012.83,US Dollar,Reinvestment,0
2022/09/01 00:06,2310,8001D5640,2310,8001D5640,1723.48,US Dollar,1723.48,US Dollar,Reinvestment,0
2022/09/01 00:11,0,800076D70,2310,8001D6070,4663.96,US Dollar,4663.96,US Dollar,Cheque,0
2022/09/01 00:04,0,800076D70,2310,8001D6070,4343.7,US Dollar,4343.7,US Dollar,Credit Card,0
2022/09/01 00:22,11,8001D5BC0,11,8001D5BC0,3.18,US Dollar,3.18,US Dollar,Reinvestment,0
2022/09/01 00:28,11,8001D85E0,11,8001D85E0,620705.67,US Dollar,620705.67,US Dollar,Reinvestment,0
2022/09/01 00:13,214,8001D9820,214,8001D9820,30640.85,US Dollar,30640.85,US Dollar,Reinvestment,0
2022/09/01 00:15,20,8001D8D00,20,8001D8D00,304.41,US Dollar,304.41,US Dollar,Reinvestment,0
2022/09/01 00:04,3202,8001D9140,3202,8001D9140,8750.66,US Dollar,8750.66,US Dollar,Reinvestment,0
2022/09/01 00:19,11,8001D95E0,11,8001D95E0,2273.71,US Dollar,2273.71,US Dollar,Reinvestment,0
2022/09/01 00:19,0,8001D9C30,0,8001D9C30,23324.58,US Dollar,23324.58,US Dollar,Reinvestment,0
2022/09/01 00:08,11,8001DA5B0,11,8001DA5B0,5212.25,US Dollar,5212.25,US Dollar,Reinvestment,0
2022/09/01 00:07,214,8001D93B0,214,8001D93B0,16.34,US Dollar,16.34,US Dollar,Reinvestment,0
2022/09/01 00:15,2310,8001D94F0,2310,8001D94F0,3.54,US Dollar,3.54,US Dollar,Reinvestment,0
2022/09/01 00:29,20,8001D9A70,23312,81197E050,7.71,US Dollar,7.71,US Dollar,Credit Card,0
2022/09/01 00:08,20,8001DBB60,20,8001DBB60,51307.25,US Dollar,51307.25,US Dollar,Reinvestment,0
2022/09/01 00:01,20,8001DBB60,20,8001DBB60,4.82,US Dollar,4.82,US Dollar,Reinvestment,0
2022/09/01 00:23,20,8001DC210,20,8001DC210,142091.36,US Dollar,142091.36,US Dollar,Reinvestment,0
2022/09/01 00:24,2310,8001DC5B0,2310,8001DC5B0,21.33,US Dollar,21.33,US Dollar,Reinvestment,0
2022/09/01 00:11,3217,8001D2930,3217,8001D2930,21954.84,US Dollar,21954.84,US Dollar,Reinvestment,0
2022/09/01 00:10,11,8001D29D0,11,8001D29D0,1844.19,US Dollar,1844.19,US Dollar,Reinvestment,0
2022/09/01 00:28,3196,8001D2EF0,3196,8001D2EF0,19751.44,US Dollar,19751.44,US Dollar,Reinvestment,0
2022/09/01 00:06,1208,8001D4F90,1208,8001D4F90,6249.77,US Dollar,6249.77,US Dollar,Reinvestment,0
2022/09/01 00:12,3257,8001D83A0,3257,8001D83A0,13659.49,US Dollar,13659.49,US Dollar,Reinvestment,0
2022/09/01 00:20,11,8001D29D0,11,8001D29D0,20.99,US Dollar,20.99,US Dollar,Reinvestment,0
2022/09/01 00:22,2310,8001D2B10,2310,8001D2B10,20.81,US Dollar,20.81,US Dollar,Reinvestment,0
2022/09/01 00:21,0,8001D2C50,1106080,84040B200,2.89,US Dollar,2.89,US Dollar,Credit Card,0
2022/09/01 00:05,2310,8001D3FE0,2310,8001D3FE0,18.96,US Dollar,18.96,US Dollar,Reinvestment,0
2022/09/01 00:10,20,8001D4F40,20,8001D4F40,20.08,US Dollar,20.08,US Dollar,Reinvestment,0
2022/09/01 00:03,20,8001DB170,20,8001DB170,8.71,US Dollar,8.71,US Dollar,Reinvestment,0
2022/09/01 00:13,0,8001E7420,0,8001E7420,193399.03,US Dollar,193399.03,US Dollar,Reinvestment,0
2022/09/01 00:17,0,8001E7420,0,8001E7420,6.69,US Dollar,6.69,US Dollar,Reinvestment,0
2022/09/01 00:04,20,8001E7EB0,20,8001E7EB0,29655.21,US Dollar,29655.21,US Dollar,Reinvestment,0
2022/09/01 00:02,1208,800140820,20,8001E7EB0,8564550.99,US Dollar,8564550.99,US Dollar,Cheque,0
2022/09/01 00:11,1208,800140820,20,8001E7EB0,10696.6,US Dollar,10696.6,US Dollar,Credit Card,0
2022/09/01 00:23,1208,800140820,20,8001E7EB0,5912282.29,US Dollar,5912282.29,US Dollar,ACH,0
2022/09/01 00:03,20,8001E7EB0,20,8001E7EB0,4.55,US Dollar,4.55,US Dollar,Reinvestment,0
2022/09/01 00:29,11,800195C90,20,8001E8CE0,551.75,US Dollar,551.75,US Dollar,Cheque,0
2022/09/01 00:09,11,800195C90,20,8001E8CE0,124.08,US Dollar,124.08,US Dollar,Credit Card,0
2022/09/01 00:11,1208,8001E86B0,1208,8001E86B0,3.45,US Dollar,3.45,US Dollar,Reinvestment,0
2022/09/01 00:24,20,8001E8AF0,20,8001E8AF0,24.6,US Dollar,24.6,US Dollar,Reinvestment,0
2022/09/01 00:03,70,100428660,1208,8001E96C0,6615.9,US Dollar,6615.9,US Dollar,Cheque,0
2022/09/01 00:16,1208,8001E71E0,1208,8001E71E0,4529209.34,US Dollar,4529209.34,US Dollar,Reinvestment,0
2022/09/01 00:05,3305,8001E9CF0,0,8001E9280,14915.42,US Dollar,14915.42,US Dollar,Wire,0
2022/09/01 00:03,20,8001E9D90,20,8001E9D90,2102.99,US Dollar,2102.99,US Dollar,Reinvestment,0
2022/09/01 00:24,20,8001EBA50,20,8001EBA50,20104.65,US Dollar,20104.65,US Dollar,Reinvestment,0
2022/09/01 00:01,1208,8001EB8C0,1208,8001EB8C0,22.87,US Dollar,22.87,US Dollar,Reinvestment,0
2022/09/01 00:02,20,8001EB6B0,20,8001EB6B0,10338.9,US Dollar,10338.9,US Dollar,Reinvestment,0
2022/09/01 00:20,20,8001EB6B0,20,8001EB6B0,7.85,US Dollar,7.85,US Dollar,Reinvestment,0
2022/09/01 00:05,20,800070AC0,0,80020BBB0,1173.74,US Dollar,1173.74,US Dollar,Cheque,0
2022/09/01 00:24,20,800070AC0,0,80020BBB0,3191.74,US Dollar,3191.74,US Dollar,Credit Card,0
2022/09/01 00:18,214,8001D6350,1208,80020B8D0,2847.88,US Dollar,2847.88,US Dollar,Cheque,0
2022/09/01 00:27,214,8001D6350,1208,80020B8D0,4163.42,US Dollar,4163.42,US Dollar,Credit Card,0
2022/09/01 00:22,214,800211020,214,800211020,641143.26,US Dollar,641143.26,US Dollar,Reinvestment,0
2022/09/01 00:17,3196,800211160,3196,800211160,13906.25,US Dollar,13906.25,US Dollar,Reinvestment,0
2022/09/01 00:04,20,800210AB0,20,800210AB0,8.03,US Dollar,8.03,US Dollar,Reinvestment,0
2022/09/01 00:01,2310,800211450,2310,800211450,19.77,US Dollar,19.77,US Dollar,Reinvestment,0
2022/09/01 00:18,11,800211ED0,11,800211ED0,21.62,US Dollar,21.62,US Dollar,Reinvestment,0
2022/09/01 00:22,20,8002104D0,20,8002104D0,7828022.18,US Dollar,7828022.18,US Dollar,Reinvestment,0
2022/09/01 00:24,20,8002104D0,20,8002106B0,84691544.0,US Dollar,84691544.0,US Dollar,ACH,0
2022/09/01 00:14,0,8002120C0,0,8002120C0,8101.86,US Dollar,8101.86,US Dollar,Reinvestment,0
2022/09/01 00:05,20,8002121B0,20,8002121B0,2950.25,US Dollar,2950.25,US Dollar,Reinvestment,0
2022/09/01 00:19,20,800210610,20,800210610,23.18,US Dollar,23.18,US Dollar,Reinvestment,0
2022/09/01 00:20,20,8002106B0,27934,804AAE720,48.27,US Dollar,48.27,US Dollar,Credit Card,0
2022/09/01 00:18,0,800212480,0,800212480,8.05,US Dollar,8.05,US Dollar,Reinvestment,0
2022/09/01 00:13,214,8001D52A0,214,8001D52A0,46559.43,US Dollar,46559.43,US Dollar,Reinvestment,0
2022/09/01 00:12,0,80021E090,0,80021E090,184111.99,US Dollar,184111.99,US Dollar,Reinvestment,0
2022/09/01 00:18,214,80021DEA0,214,80021DEA0,15.8,US Dollar,15.8,US Dollar,Reinvestment,0
2022/09/01 00:23,20,800224360,20,800224360,4301581.82,US Dollar,4301581.82,US Dollar,Reinvestment,0
2022/09/01 00:02,2310,800224400,2310,800224400,2092321.99,US Dollar,2092321.99,US Dollar,Reinvestment,0
2022/09/01 00:05,20,800224360,20,800224360,13.07,US Dollar,13.07,US Dollar,Reinvestment,0
2022/09/01 00:01,1208,8001D6930,1208,8001D6930,200299.82,US Dollar,200299.82,US Dollar,Reinvestment,0
2022/09/01 00:21,1208,8001D6930,1208,8001D6930,10.07,US Dollar,10.07,US Dollar,Reinvestment,0
2022/09/01 00:29,20,800227DE0,20,800227DE0,3004793.67,US Dollar,3004793.67,US Dollar,Reinvestment,0
2022/09/01 00:25,1208,800228720,1208,800228720,23151.31,US Dollar,23151.31,US Dollar,Reinvestment,0
2022/09/01 00:22,3218,80010FD70,1208,80022A760,15374.65,US Dollar,15374.65,US Dollar,ACH,0
2022/09/01 00:14,1208,80022A760,1208,80022A760,6329.2,US Dollar,6329.2,US Dollar,Reinvestment,0
2022/09/01 00:13,20,80010FD20,20,80010FD20,17.69,US Dollar,17.69,US Dollar,Reinvestment,0
2022/09/01 00:09,3217,8002294A0,0,80022AC60,4428.52,US Dollar,4428.52,US Dollar,ACH,0
2022/09/01 00:12,0,800229180,0,800229180,16.85,US Dollar,16.85,US Dollar,Reinvestment,0
2022/09/01 00:25,20,80022BC40,20,80022BC40,5402.5,US Dollar,5402.5,US Dollar,Reinvestment,0
2022/09/01 00:13,1208,80022D440,1208,80022D440,461754.13,US Dollar,461754.13,US Dollar,Reinvestment,0
2022/09/01 00:28,0,800076160,1208,80022D9E0,34483.09,US Dollar,34483.09,US Dollar,Cheque,0
2022/09/01 00:03,0,800076160,1208,80022D9E0,18325.87,US Dollar,18325.87,US Dollar,Credit Card,0
2022/09/01 00:17,0,800076160,1208,80022D9E0,6987.26,US Dollar,6987.26,US Dollar,Cash,0
2022/09/01 00:17,20,8002306B0,20,8002306B0,21.6,US Dollar,21.6,US Dollar,Reinvestment,0
2022/09/01 00:23,2310,80018C890,0,800231A90,32521.34,US Dollar,32521.34,US Dollar,Cheque,0
2022/09/01 00:07,2310,80018C890,0,800231A90,26880.35,US Dollar,26880.35,US Dollar,Credit Card,0
2022/09/01 00:20,2310,80018C890,0,800231A90,22413.16,US Dollar,22413.16,US Dollar,Cash,0
2022/09/01 00:20,2310,80018C890,0,800231A90,47159.03,US Dollar,47159.03,US Dollar,Wire,0
2022/09/01 00:09,2310,800232440,2310,800232440,100585.74,US Dollar,100585.74,US Dollar,Reinvestment,0
2022/09/01 00:11,20,800233910,20,800233910,17.55,US Dollar,17.55,US Dollar,Reinvestment,0
2022/09/01 00:21,0,800233EC0,0,800233EC0,18650.35,US Dollar,18650.35,US Dollar,Reinvestment,0
2022/09/01 00:22,214,800234C70,214,800234C70,24.07,US Dollar,24.07,US Dollar,Reinvestment,0
2022/09/01 00:23,20,800234D10,20,800234D10,15.74,US Dollar,15.74,US Dollar,Reinvestment,0
2022/09/01 00:16,3204,8002363D0,3204,8002363D0,16292.29,US Dollar,16292.29,US Dollar,Reinvestment,0
2022/09/01 00:23,0,8002362E0,0,8002362E0,16.09,US Dollar,16.09,US Dollar,Reinvestment,0
2022/09/01 00:11,20,800243E70,20,800243E70,336057.25,US Dollar,336057.25,US Dollar,Reinvestment,0
2022/09/01 00:28,20,800243E70,20,800243E70,10.46,US Dollar,10.46,US Dollar,Reinvestment,0
2022/09/01 00:21,20,800248430,20,800248430,504961.26,US Dollar,504961.26,US Dollar,Reinvestment,0
2022/09/01 00:00,0,8002494C0,0,8002494C0,395667.01,US Dollar,395667.01,US Dollar,Reinvestment,0
2022/09/01 00:02,1208,8002498B0,1208,8002498B0,163940.05,US Dollar,163940.05,US Dollar,Reinvestment,0
2022/09/01 00:03,214,800249900,12582,804124FE0,104.02,US Dollar,104.02,US Dollar,Credit Card,0
2022/09/01 00:03,214,800122740,20,80024A940,31130.41,US Dollar,31130.41,US Dollar,Cheque,0
2022/09/01 00:19,214,800122740,20,80024A940,23005.27,US Dollar,23005.27,US Dollar,Credit Card,0
2022/09/01 00:20,214,800122740,20,80024A940,37092.28,US Dollar,37092.28,US Dollar,Cash,0
2022/09/01 00:23,214,800122740,20,80024A940,10323.63,US Dollar,10323.63,US Dollar,ACH,0
2022/09/01 00:01,214,800122740,20,80024A940,3900.29,US Dollar,3900.29,US Dollar,Wire,0
2022/09/01 00:09,11,80024AF40,11,80024AF40,540448.36,US Dollar,540448.36,US Dollar,Reinvestment,0
2022/09/01 00:08,11,80024AF40,11,80024AF40,4.0,US Dollar,4.0,US Dollar,Reinvestment,0
2022/09/01 00:12,214,80024B6C0,214,80024B6C0,305004.18,US Dollar,305004.18,US Dollar,Reinvestment,0
2022/09/01 00:25,2310,800228A60,2310,800228A60,53744.85,US Dollar,53744.85,US Dollar,Reinvestment,0
2022/09/01 00:02,20,80022B520,20,80022B520,83432.17,US Dollar,83432.17,US Dollar,Reinvestment,0
2022/09/01 00:04,3361,80022B570,2310,8002333B0,19553.9,US Dollar,19553.9,US Dollar,Wire,0
2022/09/01 00:24,20,80022CB70,20,80022CB70,12835.94,US Dollar,12835.94,US Dollar,Reinvestment,0
2022/09/01 00:09,20,80022CE90,20,80022CE90,2119.24,US Dollar,2119.24,US Dollar,Reinvestment,0
2022/09/01 00:29,214,80022E1D0,214,80022E1D0,540.8,US Dollar,540.8,US Dollar,Reinvestment,0
2022/09/01 00:20,20,80022EDF0,20,80022EDF0,124249.46,US Dollar,124249.46,US Dollar,Reinvestment,0
2022/09/01 00:27,3202,80022EEE0,3202,80022EEE0,6397.27,US Dollar,6397.27,US Dollar,Reinvestment,0
2022/09/01 00:24,2310,80022EF80,2310,80022EF80,111167.93,US Dollar,111167.93,US Dollar,Reinvestment,0
2022/09/01 00:01,0,80022F420,0,80022F420,54122.01,US Dollar,54122.01,US Dollar,Reinvestment,0
2022/09/01 00:09,2310,80022F920,2310,80022F920,5219.57,US Dollar,5219.57,US Dollar,Reinvestment,0
2022/09/01 00:26,11,80022FB00,11,80022FB00,7487.35,US Dollar,7487.35,US Dollar,Reinvestment,0
2022/09/01 00:14,20,80022FC90,20,80022FC90,26431.7,US Dollar,26431.7,US Dollar,Reinvestment,0
2022/09/01 00:27,20,80022FEC0,20,80022FEC0,65441.08,US Dollar,65441.08,US Dollar,Reinvestment,0
2022/09/01 00:26,1208,800230310,1208,800230310,22081.03,US Dollar,22081.03,US Dollar,Reinvestment,0
2022/09/01 00:14,3414,800230DE0,3414,800230DE0,2049.55,US Dollar,2049.55,US Dollar,Reinvestment,0
2022/09/01 00:16,214,800232910,214,800232910,38021.44,US Dollar,38021.44,US Dollar,Reinvestment,0
2022/09/01 00:21,0,8002344D0,0,8002344D0,28449.61,US Dollar,28449.61,US Dollar,Reinvestment,0
2022/09/01 00:20,1208,800234660,1208,800234660,16521.35,US Dollar,16521.35,US Dollar,Reinvestment,0
2022/09/01 00:10,20,800236A40,20,800236A40,62031.14,US Dollar,62031.14,US Dollar,Reinvestment,0
2022/09/01 00:09,2310,80024A200,2310,80024A200,94953.0,US Dollar,94953.0,US Dollar,Reinvestment,0
2022/09/01 00:17,3196,80024B390,3196,80024B390,4610.52,US Dollar,4610.52,US Dollar,Reinvestment,0
2022/09/01 00:03,0,800227BF0,0,800227BF0,14.1,US Dollar,14.1,US Dollar,Reinvestment,0
2022/09/01 00:11,214,80022B390,214,80022B390,5.52,US Dollar,5.52,US Dollar,Reinvestment,0
2022/09/01 00:15,1208,80022C790,111667,8048945F0,36.8,US Dollar,36.8,US Dollar,Credit Card,0
2022/09/01 00:08,20,80022CB70,20,80022CB70,12.71,US Dollar,12.71,US Dollar,Reinvestment,0
2022/09/01 00:14,214,80022E1D0,214,80022E1D0,19.76,US Dollar,19.76,US Dollar,Reinvestment,0
2022/09/01 00:08,1208,80022E850,215275,81780C4C0,311.05,US Dollar,311.05,US Dollar,Credit Card,0
2022/09/01 00:15,2310,80022EF80,2310,80022EF80,9.08,US Dollar,9.08,US Dollar,Reinvestment,0
2022/09/01 00:03,0,80022F420,0,80022F420,4.96,US Dollar,4.96,US Dollar,Reinvestment,0
2022/09/01 00:12,0,80022FBF0,0,80022FBF0,15.92,US Dollar,15.92,US Dollar,Reinvestment,0
2022/09/01 00:14,20,80022FC90,20,80022FC90,6.93,US Dollar,6.93,US Dollar,Reinvestment,0
2022/09/01 00:18,0,8002344D0,0,8002344D0,19.01,US Dollar,19.01,US Dollar,Reinvestment,0
2022/09/01 00:21,214,800236AE0,2954,8284D05E0,11.56,US Dollar,11.56,US Dollar,Credit Card,0
2022/09/01 00:03,2310,800236D70,2310,800236D70,24.53,US Dollar,24.53,US Dollar,Reinvestment,0
2022/09/01 00:00,0,8001202E0,20,800226BD0,227247.42,US Dollar,227247.42,US Dollar,Cheque,0
2022/09/01 00:20,0,8001202E0,20,800226BD0,18027.19,US Dollar,18027.19,US Dollar,Credit Card,0
2022/09/01 00:21,0,8001202E0,20,800226BD0,87063.87,US Dollar,87063.87,US Dollar,Cash,0
2022/09/01 00:28,0,8001202E0,20,800226BD0,178878.84,US Dollar,178878.84,US Dollar,ACH,0
2022/09/01 00:07,214,800260400,214,800260400,1715392.22,US Dollar,1715392.22,US Dollar,Reinvestment,0
2022/09/01 00:20,0,8002604A0,0,8002604A0,897635.66,US Dollar,897635.66,US Dollar,Reinvestment,0
2022/09/01 00:14,214,80027A110,214,80027A110,758462.83,US Dollar,758462.83,US Dollar,Reinvestment,0
2022/09/01 00:27,20,80027A1B0,20,80027A1B0,11626.04,US Dollar,11626.04,US Dollar,Reinvestment,0
2022/09/01 00:18,0,800279700,0,800279700,3974.81,US Dollar,3974.81,US Dollar,Reinvestment,0
2022/09/01 00:14,20,8002799D0,20,8002799D0,7695.73,US Dollar,7695.73,US Dollar,Reinvestment,0
2022/09/01 00:02,20,80027A8D0,20,80027A8D0,7771.94,US Dollar,7771.94,US Dollar,Reinvestment,0
2022/09/01 00:05,2310,800279EA0,2310,800279EA0,10.57,US Dollar,10.57,US Dollar,Reinvestment,0
2022/09/01 00:22,11,80027A650,11,80027A650,24.65,US Dollar,24.65,US Dollar,Reinvestment,0
2022/09/01 00:10,20,80027A8D0,20,80027A8D0,12.08,US Dollar,12.08,US Dollar,Reinvestment,0
2022/09/01 00:02,20,80027D320,20,80027D320,5.66,US Dollar,5.66,US Dollar,Reinvestment,0
2022/09/01 00:15,214,800285060,214,800285060,23.27,US Dollar,23.27,US Dollar,Reinvestment,0
2022/09/01 00:20,20,8002B3050,20,8002B3050,22.42,US Dollar,22.42,US Dollar,Reinvestment,0
2022/09/01 00:24,0,8002B3EF0,0,8002B3EF0,513246.43,US Dollar,513246.43,US Dollar,Reinvestment,0
2022/09/01 00:13,11,8002B3F90,11,8002B3F90,633.34,US Dollar,633.34,US Dollar,Reinvestment,0
2022/09/01 00:19,0,800194AA0,0,8002B3EF0,69358.87,US Dollar,69358.87,US Dollar,Cheque,0
2022/09/01 00:13,0,800194AA0,0,8002B3EF0,13738.15,US Dollar,13738.15,US Dollar,Credit Card,0
2022/09/01 00:20,0,800194AA0,0,8002B3EF0,31618.49,US Dollar,31618.49,US Dollar,Wire,0
2022/09/01 00:06,20,8002B7010,20,8002B7010,24.26,US Dollar,24.26,US Dollar,Reinvestment,0
2022/09/01 00:28,3217,8002B7280,3217,8002B7280,14737.01,US Dollar,14737.01,US Dollar,Reinvestment,0
2022/09/01 00:03,0,8002B8F00,20,8002B9040,530444965.0,US Dollar,530444965.0,US Dollar,Cheque,0
2022/09/01 00:15,3412,8002B90E0,3412,8002B90E0,371.77,US Dollar,371.77,US Dollar,Reinvestment,0
2022/09/01 00:23,20,8001C92D0,0,8002B8F00,3182.25,US Dollar,3182.25,US Dollar,Cheque,0
2022/09/01 00:03,20,8001C92D0,0,8002B8F00,3851.27,US Dollar,3851.27,US Dollar,Credit Card,0
2022/09/01 00:14,20,8002B9040,166294,8377CC680,13.11,US Dollar,13.11,US Dollar,Credit Card,0
2022/09/01 00:07,2310,80022E480,2310,80022E480,114868.24,US Dollar,114868.24,US Dollar,Reinvestment,0
2022/09/01 00:04,20,8002BDF80,20,8002BDF80,36403.1,US Dollar,36403.1,US Dollar,Reinvestment,0
2022/09/01 00:24,20,8002BDF80,20,8002BDF80,4.13,US Dollar,4.13,US Dollar,Reinvestment,0
2022/09/01 00:00,0,8002CECE0,0,8002CECE0,215054.84,US Dollar,215054.84,US Dollar,Reinvestment,0
2022/09/01 00:08,214,8002D1DF0,214,8002D1DF0,5592.04,US Dollar,5592.04,US Dollar,Reinvestment,0
2022/09/01 00:14,214,8002D1DF0,214,8002D1DF0,23.51,US Dollar,23.51,US Dollar,Reinvestment,0
2022/09/01 00:21,20,8002D6AE0,20,8002D6AE0,13.68,US Dollar,13.68,US Dollar,Reinvestment,0
2022/09/01 00:09,0,800231A90,1208,8002DB270,1092.92,US Dollar,1092.92,US Dollar,Cheque,0
2022/09/01 00:19,20,8002DB080,20,8002DB080,18.28,US Dollar,18.28,US Dollar,Reinvestment,0
2022/09/01 00:28,2310,8002FE970,2310,8002FE970,4194.62,US Dollar,4194.62,US Dollar,Reinvestment,0
2022/09/01 00:01,0,8002FE9C0,0,8002FE9C0,24374.91,US Dollar,24374.91,US Dollar,Reinvestment,0
2022/09/01 00:06,1208,800228720,214,8002FF310,24331.96,US Dollar,24331.96,US Dollar,Cheque,0
2022/09/01 00:13,1208,800228720,214,8002FF310,13910.68,US Dollar,13910.68,US Dollar,Credit Card,0
2022/09/01 00:13,1208,800228720,214,8002FF310,25358.9,US Dollar,25358.9,US Dollar,Cash,0
2022/09/01 00:25,1208,800228720,214,8002FF310,2272.23,US Dollar,2272.23,US Dollar,ACH,0
2022/09/01 00:19,1208,800228720,214,8002FF310,578.77,US Dollar,578.77,US Dollar,Wire,0
2022/09/01 00:17,214,8002FFB20,214,8002FFB20,1129355.5,US Dollar,1129355.5,US Dollar,Reinvestment,0
2022/09/01 00:06,0,8002FFE40,0,8002FFE40,4195.11,US Dollar,4195.11,US Dollar,Reinvestment,0
2022/09/01 00:17,20,800147D90,1208,8002FFBC0,5934.66,US Dollar,5934.66,US Dollar,Cheque,0
2022/09/01 00:13,20,800147D90,1208,8002FFBC0,11012.11,US Dollar,11012.11,US Dollar,Credit Card,0
2022/09/01 00:06,20,800147D90,1208,8002FFBC0,23111.67,US Dollar,23111.67,US Dollar,Cash,0
2022/09/01 00:18,214,8002FFB20,214,8002FFB20,20.31,US Dollar,20.31,US Dollar,Reinvestment,0
2022/09/01 00:06,1208,8002FFBC0,1208,8002FFBC0,11.18,US Dollar,11.18,US Dollar,Reinvestment,0
2022/09/01 00:04,20,800300DC0,20,800300DC0,792701.36,US Dollar,792701.36,US Dollar,Reinvestment,0
2022/09/01 00:11,20,800300DC0,20,800300DC0,13.06,US Dollar,13.06,US Dollar,Reinvestment,0
2022/09/01 00:08,0,8002FEF10,0,8002FEF10,10596.75,US Dollar,10596.75,US Dollar,Reinvestment,0
2022/09/01 00:14,11,8002FF0F0,11,8002FF0F0,419.63,US Dollar,419.63,US Dollar,Reinvestment,0
2022/09/01 00:23,0,8002FE680,0,8002FE680,20.87,US Dollar,20.87,US Dollar,Reinvestment,0
2022/09/01 00:01,11,8002FF0F0,11,8002FF0F0,20.89,US Dollar,20.89,US Dollar,Reinvestment,0
2022/09/01 00:16,20,8001865D0,20,8001865D0,334444.68,US Dollar,334444.68,US Dollar,Reinvestment,0
2022/09/01 00:06,3524,800312810,214,8003127C0,2806.82,US Dollar,2806.82,US Dollar,ACH,0
2022/09/01 00:10,2310,8003238E0,2310,8003238E0,1875614.76,US Dollar,1875614.76,US Dollar,Reinvestment,0
2022/09/01 00:08,20,800322F10,20,800322F10,390202.25,US Dollar,390202.25,US Dollar,Reinvestment,0
2022/09/01 00:26,20,800322F10,20,800322F10,23.19,US Dollar,23.19,US Dollar,Reinvestment,0
2022/09/01 00:13,2310,800324640,2310,800324640,1258131.1,US Dollar,1258131.1,US Dollar,Reinvestment,0
2022/09/01 00:16,214,8003272D0,214,8003272D0,147676.67,US Dollar,147676.67,US Dollar,Reinvestment,0
2022/09/01 00:17,20,800328C80,20,800328C80,215.45,US Dollar,215.45,US Dollar,Reinvestment,0
2022/09/01 00:22,20,8002B9040,20,800328C80,8157.7,US Dollar,8157.7,US Dollar,Cheque,0
2022/09/01 00:28,0,800328BE0,0,800328BE0,19.99,US Dollar,19.99,US Dollar,Reinvestment,0
2022/09/01 00:19,0,80011CE70,214,800217B10,212.69,US Dollar,212.69,US Dollar,Cheque,0
2022/09/01 00:01,0,80011CE70,214,800217B10,232.05,US Dollar,232.05,US Dollar,Cash,0
2022/09/01 00:07,214,800217B10,214,800217B10,4.38,US Dollar,4.38,US Dollar,Reinvestment,0
2022/09/01 00:11,1208,80032B620,1208,80032B620,39525.93,US Dollar,39525.93,US Dollar,Reinvestment,0
2022/09/01 00:12,1208,80032B620,1208,80032B620,4.99,US Dollar,4.99,US Dollar,Reinvestment,0
2022/09/01 00:29,0,80032AC80,0,80032AC80,262887.68,US Dollar,262887.68,US Dollar,Reinvestment,0
2022/09/01 00:08,0,80032AC80,0,80032AC80,12.31,US Dollar,12.31,US Dollar,Reinvestment,0
2022/09/01 00:07,20,80032C770,20,80032C770,142847.29,US Dollar,142847.29,US Dollar,Reinvestment,0
2022/09/01 00:26,20,80032CC90,20,80032CC90,4.32,US Dollar,4.32,US Dollar,Reinvestment,0
2022/09/01 00:24,0,80032D0C0,0,80032D0C0,4.9,US Dollar,4.9,US Dollar,Reinvestment,0
2022/09/01 00:09,11,80032D620,11,80032D620,7299.03,US Dollar,7299.03,US Dollar,Reinvestment,0
2022/09/01 00:18,3361,80032D670,3361,80032D670,2730.55,US Dollar,2730.55,US Dollar,Reinvestment,0
2022/09/01 00:07,0,80032D5D0,0,80032D5D0,7.48,US Dollar,7.48,US Dollar,Reinvestment,0
2022/09/01 00:07,0,80032DDA0,0,80032DDA0,4343.69,US Dollar,4343.69,US Dollar,Reinvestment,0
2022/09/01 00:01,214,80032DCB0,214,80032DCB0,21.95,US Dollar,21.95,US Dollar,Reinvestment,0
2022/09/01 00:21,0,80032DDA0,0,80032DDA0,5.72,US Dollar,5.72,US Dollar,Reinvestment,0
2022/09/01 00:19,1208,800227FD0,1208,800227FD0,110529.5,US Dollar,110529.5,US Dollar,Cheque,0
2022/09/01 00:03,1208,800227FD0,1208,800227FD0,22014.96,US Dollar,22014.96,US Dollar,Credit Card,0
2022/09/01 00:15,1208,800227FD0,1208,800227FD0,181928.28,US Dollar,181928.28,US Dollar,ACH,0
2022/09/01 00:17,20,80032F850,20,80032F850,25907.4,US Dollar,25907.4,US Dollar,Reinvestment,0
2022/09/01 00:07,214,8003305D0,214,8003305D0,4.92,US Dollar,4.92,US Dollar,Reinvestment,0
2022/09/01 00:10,0,800331270,0,800331270,51788.15,US Dollar,51788.15,US Dollar,Reinvestment,0
2022/09/01 00:02,0,800330030,0,800330030,9404268.81,US Dollar,9404268.81,US Dollar,Reinvestment,0
2022/09/01 00:06,11,800330210,11,800330210,5837.84,US Dollar,5837.84,US Dollar,Reinvestment,0
2022/09/01 00:21,0,800330C50,214,8003308B0,14005055.0,US Dollar,14005055.0,US Dollar,Cheque,0
2022/09/01 00:24,0,800330030,0,800330030,20.12,US Dollar,20.12,US Dollar,Reinvestment,0
2022/09/01 00:21,214,8003308B0,89699,83A74BCA0,2.67,US Dollar,2.67,US Dollar,Credit Card,0
2022/09/01 00:15,2310,800330C00,125344,8352CB8F0,199.26,US Dollar,199.26,US Dollar,Credit Card,0
2022/09/01 00:04,214,8003331C0,214,8003331C0,16.56,US Dollar,16.56,US Dollar,Reinvestment,0
2022/09/01 00:22,1208,800333D70,1208,800333D70,63571.75,US Dollar,63571.75,US Dollar,Reinvestment,0
2022/09/01 00:01,1208,800333D70,1208,800333D70,6.65,US Dollar,6.65,US Dollar,Reinvestment,0
2022/09/01 00:29,20,8003339F0,20,8003339F0,132244.66,US Dollar,132244.66,US Dollar,Reinvestment,0
2022/09/01 00:20,20,800334050,20,800334050,3846.77,US Dollar,3846.77,US Dollar,Reinvestment,0
2022/09/01 00:27,0,800332F80,0,800332F80,7099787.48,US Dollar,7099787.48,US Dollar,Reinvestment,0
2022/09/01 00:06,20,8003335C0,20,8003335C0,1916.83,US Dollar,1916.83,US Dollar,Reinvestment,0
2022/09/01 00:19,3202,800334380,3202,800334380,13815.41,US Dollar,13815.41,US Dollar,Reinvestment,0
2022/09/01 00:03,20,8003335C0,20,8003335C0,3.78,US Dollar,3.78,US Dollar,Reinvestment,0
2022/09/01 00:27,20,8001E8CE0,11,800334C90,158150.14,US Dollar,158150.14,US Dollar,Cheque,0
2022/09/01 00:07,20,8001E8CE0,11,800334C90,29628.06,US Dollar,29628.06,US Dollar,Credit Card,0
2022/09/01 00:02,20,8001E8CE0,11,800334C90,398664.56,US Dollar,398664.56,US Dollar,Wire,0
2022/09/01 00:27,20,800335340,20,800335340,5072.56,US Dollar,5072.56,US Dollar,Reinvestment,0
2022/09/01 00:00,20,800335340,20,800335340,7.53,US Dollar,7.53,US Dollar,Reinvestment,0
2022/09/01 00:24,20,800335030,20,800335030,704679.99,US Dollar,704679.99,US Dollar,Reinvestment,0
2022/09/01 00:20,20,800335030,20,800335030,5.19,US Dollar,5.19,US Dollar,Reinvestment,0
2022/09/01 00:06,11,800336040,11,800336040,12458.93,US Dollar,12458.93,US Dollar,Reinvestment,0
2022/09/01 00:19,20,800336B10,20,800336B10,22.15,US Dollar,22.15,US Dollar,Reinvestment,0
2022/09/01 00:00,2310,8003379A0,2310,8003379A0,206766.56,US Dollar,206766.56,US Dollar,Reinvestment,0
2022/09/01 00:10,20,800337A40,20,800337A40,269947.71,US Dollar,269947.71,US Dollar,Reinvestment,0
2022/09/01 00:17,2310,8003379A0,2310,8003379A0,13.15,US Dollar,13.15,US Dollar,Reinvestment,0
2022/09/01 00:05,0,800337E50,0,800337E50,7.36,US Dollar,7.36,US Dollar,Reinvestment,0
2022/09/01 00:21,2310,8003373A0,2310,8003373A0,406163.17,US Dollar,406163.17,US Dollar,Reinvestment,0
2022/09/01 00:26,11,8003380C0,11,8003380C0,6415.88,US Dollar,6415.88,US Dollar,Reinvestment,0
2022/09/01 00:27,0,800338500,0,800338500,55223416.3,US Dollar,55223416.3,US Dollar,Reinvestment,0
2022/09/01 00:04,0,800071D00,0,800338500,6122.47,US Dollar,6122.47,US Dollar,Cheque,0
2022/09/01 00:04,0,800071D00,0,800338500,1059.68,US Dollar,1059.68,US Dollar,Credit Card,0
2022/09/01 00:10,2310,8003388F0,2310,8003388F0,3309.17,US Dollar,3309.17,US Dollar,Reinvestment,0
2022/09/01 00:23,0,800331610,2310,8003388F0,76183.15,US Dollar,76183.15,US Dollar,Cheque,0
2022/09/01 00:06,3412,80033A2E0,3412,80033A2E0,1595.59,US Dollar,1595.59,US Dollar,Reinvestment,0
2022/09/01 00:10,20,80033ADF0,20,80033ADF0,37729.98,US Dollar,37729.98,US Dollar,Reinvestment,0
2022/09/01 00:28,20,80033ADF0,20,80033ADF0,19.28,US Dollar,19.28,US Dollar,Reinvestment,0
2022/09/01 00:10,2310,800333570,1208,80033B200,27726.21,US Dollar,27726.21,US Dollar,Cheque,0
2022/09/01 00:23,1208,80033B200,1208,80033B200,22.9,US Dollar,22.9,US Dollar,Reinvestment,0
2022/09/01 00:04,214,80033B590,214,80033B590,5.9,US Dollar,5.9,US Dollar,Reinvestment,0
2022/09/01 00:07,1208,80033B9A0,1208,80033B9A0,68370.82,US Dollar,68370.82,US Dollar,Reinvestment,0
2022/09/01 00:09,1208,80033CA00,1208,80033CA00,31117.23,US Dollar,31117.23,US Dollar,Reinvestment,0
2022/09/01 00:15,2310,80033C4D0,2310,80033C4D0,2811.32,US Dollar,2811.32,US Dollar,Reinvestment,0
2022/09/01 00:16,3524,80033D000,214,80033C430,477.22,US Dollar,477.22,US Dollar,Cheque,0
2022/09/01 00:17,0,80033E270,0,80033E270,11.78,US Dollar,11.78,US Dollar,Reinvestment,0
2022/09/01 00:23,20,80033E2C0,20,80033E2C0,14.31,US Dollar,14.31,US Dollar,Reinvestment,0
2022/09/01 00:20,20,80033F1A0,20,80033F1A0,14630.45,US Dollar,14630.45,US Dollar,Reinvestment,0
2022/09/01 00:23,1208,800228720,20,80033E020,266221.48,US Dollar,266221.48,US Dollar,Cheque,0
2022/09/01 00:04,1208,800228720,20,80033E020,27240.05,US Dollar,27240.05,US Dollar,Credit Card,0
2022/09/01 00:15,1208,800228720,20,80033E020,176652.6,US Dollar,176652.6,US Dollar,Cash,0
2022/09/01 00:10,2310,80033FE50,2310,80033FE50,4.12,US Dollar,4.12,US Dollar,Reinvestment,0
2022/09/01 00:18,0,8001D2C50,214,800340230,2640.32,US Dollar,2640.32,US Dollar,Cheque,0
2022/09/01 00:12,0,8001D2C50,214,800340230,2233.57,US Dollar,2233.57,US Dollar,Credit Card,0
2022/09/01 00:26,70,100428660,214,800340230,1535976.39,US Dollar,1535976.39,US Dollar,Cheque,0
2022/09/01 00:14,70,100428660,214,800340230,5508.83,US Dollar,5508.83,US Dollar,Credit Card,0
2022/09/01 00:27,70,100428660,214,800340230,19192.55,US Dollar,19192.55,US Dollar,Cash,0
2022/09/01 00:25,214,8003405D0,214,8003405D0,606963.32,US Dollar,606963.32,US Dollar,Reinvestment,0
2022/09/01 00:13,214,8003405D0,214,8003405D0,13.61,US Dollar,13.61,US Dollar,Reinvestment,0
2022/09/01 00:02,1208,800340DB0,1208,800340DB0,20.75,US Dollar,20.75,US Dollar,Reinvestment,0
2022/09/01 00:03,2310,800340BC0,2310,800340BC0,2271.99,US Dollar,2271.99,US Dollar,Reinvestment,0
2022/09/01 00:14,2310,800340BC0,2310,800340BC0,12.29,US Dollar,12.29,US Dollar,Reinvestment,0
2022/09/01 00:16,2310,80032E720,2310,80032E720,4689.16,US Dollar,4689.16,US Dollar,Reinvestment,0
2022/09/01 00:20,3428,800338C00,3428,800338C00,9584.82,US Dollar,9584.82,US Dollar,Reinvestment,0
2022/09/01 00:15,1208,800338D40,1208,800338D40,13912.91,US Dollar,13912.91,US Dollar,Reinvestment,0
2022/09/01 00:13,11,80033A6B0,11,80033A6B0,863.33,US Dollar,863.33,US Dollar,Reinvestment,0
2022/09/01 00:15,0,80033AC00,0,80033AC00,8001.61,US Dollar,8001.61,US Dollar,Reinvestment,0
2022/09/01 00:24,3555,80033BD50,0,80033C1F0,0.01,US Dollar,0.01,US Dollar,Cheque,0
2022/09/01 00:19,1208,80033D910,1208,80033D910,2949.56,US Dollar,2949.56,US Dollar,Reinvestment,0
2022/09/01 00:08,3414,80033D960,3414,80033D960,3650.76,US Dollar,3650.76,US Dollar,Reinvestment,0
2022/09/01 00:08,3558,80033DA00,3558,80033DA00,14194.69,US Dollar,14194.69,US Dollar,Reinvestment,0
2022/09/01 00:18,3305,80033DD50,3305,80033DD50,245.21,US Dollar,245.21,US Dollar,Reinvestment,0
2022/09/01 00:05,20,80033DDF0,20,80033DDF0,5507.89,US Dollar,5507.89,US Dollar,Reinvestment,0
2022/09/01 00:02,544,80033F410,544,80033F410,25725.35,US Dollar,25725.35,US Dollar,Reinvestment,0
2022/09/01 00:22,3560,800340890,3560,800340890,2100.05,US Dollar,2100.05,US Dollar,Reinvestment,0
2022/09/01 00:01,3202,800341CE0,3202,800341CE0,1686.92,US Dollar,1686.92,US Dollar,Reinvestment,0
2022/09/01 00:05,0,800332C70,0,800332C70,11.02,US Dollar,11.02,US Dollar,Reinvestment,0
2022/09/01 00:03,20,800336660,20,800336660,10.11,US Dollar,10.11,US Dollar,Reinvestment,0
2022/09/01 00:10,1208,800338D40,1208,800338D40,13.23,US Dollar,13.23,US Dollar,Reinvestment,0
2022/09/01 00:13,0,80033AC00,0,80033AC00,17.06,US Dollar,17.06,US Dollar,Reinvestment,0
2022/09/01 00:08,544,80033F410,544,80033F410,23.45,US Dollar,23.45,US Dollar,Reinvestment,0
2022/09/01 00:06,214,800343C20,214,800343C20,19891.99,US Dollar,19891.99,US Dollar,Reinvestment,0
2022/09/01 00:02,0,80032C190,0,80032C190,5116.84,US Dollar,5116.84,US Dollar,Reinvestment,0
2022/09/01 00:03,2310,80032AA10,2310,80032AA10,21.75,US Dollar,21.75,US Dollar,Reinvestment,0
2022/09/01 00:11,0,80032C190,0,80032C190,7.14,US Dollar,7.14,US Dollar,Reinvestment,0
2022/09/01 00:03,214,80032C230,214,80032C230,19.06,US Dollar,19.06,US Dollar,Reinvestment,0
2022/09/01 00:28,0,800343840,0,800343840,21.5,US Dollar,21.5,US Dollar,Reinvestment,0
2022/09/01 00:18,20,800329E50,20,800329E50,709485.3,US Dollar,709485.3,US Dollar,Reinvestment,0
2022/09/01 00:28,20,8001D5AD0,2310,800344B60,138779.69,US Dollar,138779.69,US Dollar,Cheque,0
2022/09/01 00:07,0,8001D2C50,0,800344F00,2290.01,US Dollar,2290.01,US Dollar,Cheque,0
2022/09/01 00:29,0,8001D2C50,0,800344F00,1636.51,US Dollar,1636.51,US Dollar,Credit Card,0
2022/09/01 00:21,544,800345240,544,800345240,65852.46,US Dollar,65852.46,US Dollar,Reinvestment,0
2022/09/01 00:12,3564,8003452E0,544,800345240,22433.7,US Dollar,22433.7,US Dollar,ACH,0
2022/09/01 00:17,20,80017B270,544,800345240,99920.05,US Dollar,99920.05,US Dollar,Cheque,0
2022/09/01 00:16,20,80017B270,544,800345240,250908.69,US Dollar,250908.69,US Dollar,Cash,0
2022/09/01 00:05,20,800346820,20,800346820,21.05,US Dollar,21.05,US Dollar,Reinvestment,0
2022/09/01 00:06,0,800071D00,1208,800346CD0,18595.37,US Dollar,18595.37,US Dollar,Cheque,0
2022/09/01 00:02,0,800071D00,1208,800346CD0,38180.67,US Dollar,38180.67,US Dollar,Cash,0
2022/09/01 00:28,11,800348670,11,800348670,97590.9,US Dollar,97590.9,US Dollar,Reinvestment,0
2022/09/01 00:14,3361,800348AB0,3361,800348AB0,6292.72,US Dollar,6292.72,US Dollar,Reinvestment,0
2022/09/01 00:18,20,8000703B0,214,800348A60,3377.22,US Dollar,3377.22,US Dollar,Cheque,0
